MarkerName	Allele1	Allele2	Weight	Zscore	P-value	Direction
rs7926493	t	c	47928.00	0.560	0.5755	+-
rs114756544	t	c	47139.00	0.855	0.3926	++
rs74242435	a	c	47240.00	0.134	0.8937	++
rs66941928	t	c	50267.00	-0.373	0.7089	--
rs982887	t	c	52686.00	1.057	0.2907	++
rs117696788	t	c	46816.00	-0.043	0.9659	+-
rs1488583	a	g	50625.00	-0.253	0.7999	-+
rs59864873	a	c	47401.00	-0.632	0.5274	--
rs1194463	t	c	50695.00	2.547	0.01088	++
rs79870864	a	g	46796.00	0.078	0.9376	+0
rs4623025	t	c	50059.00	-0.718	0.4725	-+
rs78673059	a	g	46969.00	0.663	0.5074	+-
rs2060780	a	g	52200.00	0.142	0.8873	++
rs1555340	t	c	50994.00	0.201	0.8405	-+
rs6692988	t	g	50849.00	-0.305	0.7607	--
rs62417291	a	g	48531.00	-0.367	0.7139	-+
rs115569355	a	c	46670.00	0.553	0.5805	+-
rs61729309	t	c	47620.00	-0.298	0.766	--
rs72645199	a	g	49002.00	-0.653	0.5137	--
rs79663035	t	c	47364.00	1.673	0.09438	+-
rs7610701	t	g	52458.00	-0.019	0.985	-+
rs7591149	t	c	49333.00	0.459	0.6465	++
rs1892274	t	c	52542.00	-0.880	0.3787	--
rs75593451	a	g	46824.00	-0.767	0.4428	-+
rs114470958	t	c	46931.00	-1.101	0.2708	--
rs34792203	a	g	47490.00	0.192	0.8477	+-
rs2322629	t	c	52068.00	1.372	0.1702	+-
rs35974452	a	g	47188.00	-0.981	0.3267	--
rs3764564	a	c	51425.00	-0.988	0.323	--
rs75754914	t	c	46721.00	0.255	0.7987	+-
rs4576092	t	c	51553.00	2.644	0.008191	++
rs7898260	t	c	48281.00	-1.173	0.2409	--
rs12411416	a	c	50559.00	0.262	0.7934	++
rs11846197	a	c	47828.00	-0.632	0.5274	--
rs11062786	a	g	52265.00	1.312	0.1894	++
rs73166278	t	c	47396.00	0.680	0.4966	+-
rs17703029	a	g	52553.00	-1.231	0.2184	--
rs116201373	a	c	46944.00	0.687	0.4921	++
rs12506200	a	g	49884.00	-1.783	0.07457	-+
rs12636164	t	c	48552.00	0.343	0.7319	+-
rs75015447	t	c	47089.00	-1.594	0.1109	-+
rs1888514	a	g	52549.00	0.346	0.7295	++
rs55946092	a	g	47104.00	1.873	0.06108	++
rs7125595	t	c	49559.00	-0.607	0.5439	--
rs4265187	t	c	49451.00	-0.363	0.7166	-+
rs3132622	t	c	52520.00	0.634	0.5258	++
rs2829716	t	c	51937.00	0.532	0.5944	++
rs1119925	a	g	51937.00	-0.338	0.7353	-+
rs3176776	a	c	52490.00	1.128	0.2593	+-
rs79437207	a	g	46882.00	-1.182	0.2374	--
rs76711443	a	c	46896.00	-0.567	0.5709	-+
rs1350178	t	c	51295.00	0.505	0.6135	+-
rs4557343	t	g	52426.00	0.829	0.4073	+-
rs115608920	a	g	47011.00	2.271	0.02316	+-
rs4718593	t	g	51394.00	1.324	0.1857	++
rs132343	a	g	48050.00	0.038	0.9701	+-
rs115230032	a	g	46906.00	-0.286	0.7751	-+
rs3088123	t	g	49783.00	-0.348	0.7275	-+
rs2908817	t	g	46903.00	-1.391	0.1641	--
rs116877522	t	g	46958.00	-0.546	0.585	-+
rs58065366	a	g	48454.00	2.481	0.0131	++
rs55966742	a	g	47075.00	-1.615	0.1062	-+
rs117630355	t	g	46657.00	1.471	0.1412	+-
rs3767150	a	g	49291.00	0.929	0.3527	+-
rs75432085	a	g	47216.00	-0.224	0.8227	-+
rs79190071	a	g	46624.00	-0.276	0.7823	--
rs16881172	t	c	46961.00	-1.179	0.2384	--
rs12003360	a	g	52550.00	1.314	0.1887	+-
rs8062395	t	c	52564.00	-1.345	0.1786	-+
rs712793	a	g	52378.00	0.899	0.3685	++
rs28690339	a	g	48423.00	0.116	0.9078	+-
rs7210818	t	c	52466.00	-1.030	0.3029	--
rs1380716	a	c	52290.00	1.296	0.195	+-
rs34292795	a	g	46818.00	1.414	0.1574	+-
rs4619890	a	g	52555.00	1.921	0.05476	++
rs13303198	t	c	49379.00	-0.552	0.5809	-+
rs10816656	a	g	50766.00	1.314	0.189	++
rs74121035	t	c	46765.00	1.109	0.2675	++
rs7266308	a	c	47512.00	0.550	0.582	++
rs40428	t	c	50501.00	0.353	0.7244	++
rs6027437	t	c	50913.00	0.373	0.709	+-
rs79823123	a	c	47034.00	-0.271	0.7861	-+
rs453503	t	c	50430.00	0.217	0.8278	+-
rs12295437	t	c	47478.00	1.928	0.05381	++
rs10189774	a	g	51196.00	-2.885	0.003912	-+
rs1493696	a	g	49381.00	0.233	0.8161	+-
rs76048033	t	c	47224.00	-1.432	0.1522	-+
rs11101644	a	c	47032.00	-0.437	0.6624	--
rs78585364	a	g	46666.00	-1.668	0.09523	--
rs1917186	t	c	50736.00	0.717	0.4733	++
rs1458654	a	g	52095.00	1.234	0.2172	++
rs16897515	a	c	49731.00	-0.372	0.7098	-+
rs17097879	t	g	49035.00	0.561	0.5749	++
rs56195152	a	g	46915.00	-1.031	0.3026	-+
rs111801406	t	c	47015.00	-0.413	0.6793	-+
rs4751113	t	c	52503.00	0.693	0.4882	++
rs76148340	a	g	47837.00	-1.151	0.2498	--
rs11217933	a	g	52340.00	0.559	0.5761	+-
rs1342454	a	g	47432.00	1.631	0.1029	+-
rs79987245	t	c	47510.00	0.714	0.475	++
rs2255840	a	c	50174.00	-0.396	0.6919	--
rs1076362	t	c	49460.00	1.041	0.2981	++
rs74796695	t	g	46605.00	-0.351	0.7259	-+
rs34608777	t	c	48406.00	0.110	0.9122	+-
rs16955842	a	g	51746.00	-0.192	0.8477	+-
rs4076131	t	c	47458.00	0.594	0.5525	+-
rs11543260	a	g	46787.00	0.976	0.3289	+-
rs17805716	a	g	48669.00	-2.496	0.01255	--
rs61947261	t	c	47014.00	0.855	0.3926	++
rs115998097	t	c	46813.00	-0.634	0.526	--
rs77522951	a	g	47161.00	-0.059	0.9533	-+
rs11670013	a	g	46744.00	0.130	0.8967	+-
rs3764650	t	g	48692.00	0.380	0.7038	++
rs75496088	a	g	47117.00	1.722	0.08499	++
rs1529713	a	g	52620.00	-0.286	0.7747	-+
rs76564952	t	c	48668.00	-0.288	0.7732	-+
rs340138	t	c	49000.00	-0.449	0.6531	-+
rs5895047	g	gt	46350.00	0.230	0.8181	+?
rs17479855	a	g	46919.00	0.199	0.8421	+-
rs75609575	a	g	46750.00	-0.234	0.8151	-+
rs117328123	t	g	46690.00	0.139	0.8892	+-
rs1359266	a	g	48708.00	-1.353	0.1759	-+
rs80033977	a	g	46919.00	1.435	0.1512	++
rs41268615	a	g	46685.00	2.596	0.009422	++
rs78664413	t	c	47467.00	-0.124	0.9011	+-
rs72819462	a	g	46738.00	1.266	0.2055	++
rs3894392	t	c	51562.00	0.827	0.4081	+-
rs12434016	t	g	49689.00	-0.685	0.4934	-+
rs4813687	t	c	48982.00	-1.656	0.09766	--
rs7122337	t	c	51331.00	-1.973	0.04854	-+
rs117446859	t	c	46797.00	-0.442	0.6588	-+
rs13402575	t	c	49129.00	0.129	0.8976	+-
rs80054811	t	g	47452.00	0.104	0.9174	+-
rs7707452	a	g	50862.00	-0.601	0.5479	-+
rs444594	t	c	50091.00	0.065	0.9481	-+
rs7130208	t	g	50617.00	-0.248	0.8042	--
rs60849715	a	g	49019.00	0.822	0.4113	+-
rs79270341	t	c	46988.00	1.777	0.07551	++
rs117854887	a	g	46638.00	0.583	0.5597	+-
rs6052739	t	g	52170.00	-0.162	0.8716	+-
rs34646198	t	c	47629.00	-0.747	0.4548	--
rs12119436	t	g	52522.00	-0.609	0.5424	-+
rs1687130	t	c	51340.00	0.758	0.4484	++
rs74392321	a	c	47116.00	0.781	0.435	++
rs10910955	a	g	52632.00	-0.882	0.378	-+
rs1080882	a	g	49552.00	-0.594	0.5525	--
rs10816576	a	g	52367.00	0.782	0.4341	+-
rs2102099	t	c	51287.00	0.984	0.325	++
rs6009661	a	g	51104.00	-0.604	0.5458	--
rs8058694	t	g	52484.00	1.076	0.2819	+-
rs303848	a	g	46678.00	0.243	0.8078	+-
rs3744877	a	g	52495.00	-0.990	0.322	--
rs604139	a	g	50458.00	-0.154	0.8772	--
rs6450064	t	c	50092.00	-0.479	0.6317	-0
rs374785	t	c	49618.00	0.284	0.7765	+-
rs1014415	a	g	50920.00	-1.369	0.1709	--
rs6590216	a	g	51689.00	-0.900	0.368	--
rs3774402	a	g	49198.00	0.695	0.4872	++
rs7550138	t	g	52463.00	-0.730	0.4654	--
rs11023435	a	c	52465.00	1.300	0.1937	++
rs17708151	t	c	49545.00	-0.668	0.5042	--
rs1674850	a	c	51625.00	-1.662	0.09654	--
rs13159590	t	c	51933.00	-0.653	0.5136	-+
rs72735245	a	c	47108.00	0.438	0.6612	++
rs990339	a	c	52143.00	-2.030	0.0424	--
rs10493052	a	c	49321.00	1.426	0.154	++
rs117968941	t	c	46854.00	0.451	0.6521	+-
rs10083919	a	g	48057.00	2.872	0.004077	+-
rs73701145	a	g	46955.00	-0.182	0.8558	-+
rs117464474	a	g	47036.00	0.485	0.6276	++
rs6803514	a	c	47784.00	1.525	0.1271	++
rs79486052	t	c	46743.00	0.653	0.5139	++
rs76231549	t	c	46686.00	-1.232	0.2181	-+
rs1902409	a	g	49549.00	-0.367	0.7137	-+
rs12362058	t	c	47602.00	0.437	0.6623	++
rs17168333	t	c	49728.00	0.266	0.7903	+-
rs11756375	a	c	48882.00	-2.370	0.01779	--
rs4077293	t	c	52015.00	-0.307	0.7585	--
rs1324620	a	g	48746.00	-0.122	0.9027	+-
rs903818	t	c	49108.00	-0.596	0.5511	-+
rs17199893	a	g	46860.00	-1.269	0.2045	-0
rs6803240	t	g	50757.00	-1.051	0.2932	--
rs76989386	t	c	47072.00	0.220	0.8256	+-
rs115126859	t	c	46892.00	1.273	0.2029	+-
rs144775761	a	g	47278.00	-0.661	0.5087	--
rs78302917	a	g	46960.00	1.012	0.3116	+-
rs17682239	a	g	47340.00	1.410	0.1586	++
rs1023106	a	g	51814.00	0.413	0.6794	+-
rs4747646	a	g	52168.00	-0.068	0.9461	+-
rs16874441	a	g	47608.00	0.069	0.9447	+-
rs72947712	t	c	49495.00	-1.851	0.0642	--
rs72958944	t	g	47049.00	-1.119	0.2629	-+
rs11775964	a	g	51159.00	0.254	0.7994	+-
rs34624532	a	c	48048.00	-0.187	0.852	-+
rs2523639	t	c	48446.00	0.440	0.6603	++
rs72919319	t	c	46929.00	0.034	0.9726	+-
rs10764787	a	g	51463.00	-0.731	0.4647	-+
rs117466808	a	g	46610.00	-0.196	0.8444	-+
rs77766688	a	c	47998.00	-1.673	0.09423	--
rs4141377	a	g	50333.00	2.192	0.02836	++
rs1401492	t	c	46964.00	1.574	0.1154	+0
rs6704505	a	g	48457.00	0.113	0.9099	++
rs7437645	t	c	48080.00	-1.540	0.1236	-+
rs1286482	t	c	49096.00	-0.418	0.6758	-+
rs8108738	a	g	52535.00	2.503	0.01233	++
rs12129050	a	g	50788.00	-1.477	0.1397	--
3:139130268	g	gccagattcagaa+1	46350.00	-1.547	0.1219	-?
rs114526985	a	g	46718.00	1.067	0.286	++
rs958424	t	c	52366.00	1.691	0.09092	+-
rs17493278	t	g	47086.00	1.514	0.13	++
rs8011069	a	g	51066.00	-1.468	0.1421	-+
rs118120449	a	g	47187.00	1.133	0.2574	+-
rs7753334	a	g	52505.00	0.440	0.66	+-
rs6512914	a	g	47281.00	0.832	0.4052	++
rs34115287	t	c	49722.00	-0.849	0.3961	--
rs35916324	a	g	51780.00	0.613	0.54	++
rs12548848	t	c	51884.00	-0.269	0.7879	+-
rs115643844	a	g	46861.00	-0.467	0.6404	--
rs61101282	a	g	47331.00	0.298	0.7658	++
rs114411884	a	g	46952.00	0.864	0.3876	+-
rs10788253	a	c	48584.00	1.334	0.1823	+-
rs117576216	a	g	46639.00	-0.403	0.6871	-+
rs79677464	a	g	46752.00	0.043	0.9655	-+
rs75007562	a	c	46616.00	0.327	0.7433	++
rs4710998	a	g	50762.00	0.113	0.9104	+-
rs11019644	t	c	47195.00	-0.519	0.6035	--
rs10996325	a	g	48048.00	2.018	0.04357	++
rs7726431	a	g	52171.00	1.425	0.1542	++
rs117073319	a	g	47406.00	-2.339	0.01935	-+
rs6813096	a	g	50015.00	1.097	0.2725	++
rs78977185	t	g	47062.00	-1.065	0.2868	--
rs795971	a	c	52444.00	-0.199	0.8423	+-
rs2776556	a	c	52477.00	-0.260	0.7949	--
rs1988928	t	g	51878.00	2.625	0.008655	++
rs35155461	a	g	46990.00	-1.893	0.05839	--
rs3782211	a	g	49446.00	0.981	0.3264	++
rs1905339	t	c	51843.00	0.067	0.9462	+-
rs610516	t	c	52626.00	-0.027	0.9787	-+
rs4471843	t	g	51169.00	0.146	0.8838	+-
rs55817554	a	g	49415.00	1.093	0.2743	++
rs1332900	a	g	51542.00	1.118	0.2637	++
rs34223181	a	g	49885.00	-1.970	0.04883	--
rs79683119	a	c	46948.00	0.713	0.4759	++
rs78705564	t	c	47407.00	0.118	0.9058	++
rs114933091	a	g	46977.00	0.887	0.375	++
rs75281771	a	c	46920.00	-0.491	0.6233	-+
rs12675408	t	c	52381.00	-2.053	0.04008	-+
rs117582156	t	c	47425.00	0.177	0.8596	-+
rs2035027	t	g	49549.00	-1.034	0.301	-+
rs7542599	t	c	51223.00	-0.239	0.8113	-+
rs1301842	a	g	48021.00	-0.425	0.6706	--
rs6598159	t	g	52114.00	0.312	0.7552	++
rs61806064	a	g	46631.00	-0.018	0.9853	--
rs7319170	t	c	52098.00	1.714	0.08652	++
rs2497772	t	c	52429.00	-2.138	0.03248	--
rs117068957	t	c	47025.00	0.656	0.5121	+-
rs72753346	t	c	47292.00	0.459	0.6459	+-
rs78445267	t	c	47054.00	0.552	0.5809	++
rs116063287	a	g	47053.00	-1.375	0.1692	-+
rs56414426	t	c	46835.00	-0.227	0.8202	--
rs2738137	a	g	49800.00	-1.634	0.1023	--
rs78818609	a	g	47627.00	0.200	0.8415	+-
rs12642285	a	g	51713.00	-0.253	0.8004	--
rs12698810	t	c	48858.00	-0.432	0.6654	+-
rs17439886	a	g	46616.00	-0.508	0.6114	--
rs33914895	a	g	46882.00	1.739	0.08198	+-
rs6013809	a	c	52002.00	-0.408	0.683	-+
rs116380222	a	g	46939.00	0.464	0.6426	++
rs112599205	a	g	47045.00	-0.001	0.9994	+-
rs7242849	t	c	48537.00	1.204	0.2286	+-
rs111631153	t	c	46811.00	1.682	0.09263	++
rs12661144	a	g	50981.00	0.656	0.5115	++
rs117482268	t	c	47027.00	-0.232	0.8163	--
rs16901432	a	g	47626.00	-0.441	0.6595	--
rs727432	t	g	52023.00	0.366	0.714	++
rs67754977	a	g	49582.00	-0.519	0.6039	--
rs55693520	t	c	47070.00	0.151	0.8797	+-
rs4676520	t	c	52316.00	-1.637	0.1016	--
rs10023986	t	c	48386.00	0.785	0.4324	++
rs117468687	a	g	47205.00	0.574	0.5662	++
rs1028713	t	c	49067.00	-1.303	0.1925	-+
rs34573757	a	g	52280.00	1.163	0.2449	++
rs115554371	a	g	46669.00	0.336	0.737	++
rs6463169	t	c	50420.00	-0.332	0.7399	-+
rs17250154	a	g	50222.00	-1.583	0.1134	--
rs4798537	a	c	52315.00	0.091	0.9277	+-
rs8082973	a	g	51083.00	-0.109	0.9131	-+
rs7853853	a	g	50263.00	0.806	0.4203	++
rs79195357	t	c	46773.00	0.043	0.9657	+-
rs75879079	a	g	46831.00	0.964	0.3353	++
rs17702312	t	c	52376.00	1.473	0.1408	++
rs11580276	t	c	49964.00	-1.491	0.136	-+
rs2439421	a	g	50443.00	1.199	0.2306	++
rs77650353	t	c	46698.00	-0.264	0.792	-0
rs1979147	a	g	47900.00	-1.208	0.227	-+
rs9600599	a	g	50620.00	-0.570	0.5685	--
rs73339414	a	g	46807.00	-0.587	0.5572	-+
rs10239366	a	g	51354.00	-0.743	0.4573	-+
rs4651133	a	g	47132.00	1.059	0.2897	+-
rs10797576	t	c	49428.00	-0.317	0.7516	+-
rs79890911	a	g	47003.00	0.922	0.3566	+-
rs4835942	t	c	49034.00	0.624	0.5324	++
rs118043466	t	c	46634.00	1.779	0.07532	+-
rs73006778	t	c	47326.00	0.364	0.7157	+-
rs78952162	t	g	47671.00	-0.883	0.3771	--
rs17042405	a	c	48010.00	-1.736	0.08248	--
rs76439540	t	c	46862.00	1.067	0.2861	++
rs11589608	t	c	51887.00	0.829	0.407	+-
rs112523803	t	c	46866.00	1.662	0.0966	++
rs76277163	t	g	46625.00	-1.060	0.2893	--
rs568652	a	c	51647.00	-0.052	0.9582	+-
rs77448980	a	g	48083.00	-1.140	0.2543	--
rs62560418	t	c	47081.00	0.150	0.8804	++
rs118017457	t	c	46771.00	0.761	0.4465	+-
rs950569	t	g	47509.00	0.608	0.5433	++
rs11979389	t	c	47673.00	1.251	0.2108	++
rs2870719	a	g	51477.00	0.857	0.3913	+-
rs72714305	t	c	46941.00	2.542	0.01102	++
rs2890845	a	c	52360.00	-0.596	0.5515	--
rs1062108	a	g	52316.00	-0.377	0.7064	--
rs9869826	t	c	48595.00	-3.217	0.001297	--
rs4132956	t	c	51017.00	0.059	0.9527	-+
rs113307692	t	c	46978.00	-0.033	0.9735	+-
rs1007096	t	c	51650.00	0.226	0.821	+-
rs9537647	a	g	48183.00	-0.120	0.9045	-+
rs78023633	t	c	46879.00	0.076	0.9394	++
rs36077	a	g	52489.00	0.106	0.9159	+-
rs10838176	a	g	52126.00	0.860	0.3895	++
rs12788947	a	g	49025.00	-1.287	0.1982	--
rs4930590	t	c	52053.00	-0.406	0.6851	--
rs7290787	t	c	46955.00	2.163	0.03052	++
rs11783832	a	g	47147.00	-1.559	0.1189	--
rs4475333	a	g	52167.00	-2.386	0.01703	--
rs56223817	a	g	46861.00	-0.219	0.827	-+
rs74512123	t	c	47104.00	1.118	0.2635	++
rs551711	t	c	49363.00	0.098	0.9218	+-
rs75589529	t	c	47611.00	-0.116	0.9079	-+
rs28770901	t	c	49776.00	2.077	0.03777	++
rs79062895	t	g	47150.00	-0.659	0.5099	--
rs117974635	t	c	46863.00	-1.639	0.1012	--
rs2209731	a	c	46736.00	-0.987	0.3238	-+
rs35009138	a	g	47139.00	-0.367	0.7139	-+
rs75994342	a	g	46997.00	1.133	0.2572	+-
rs3796193	a	g	47759.00	-0.222	0.8244	-+
rs74450743	a	g	46958.00	-0.177	0.8596	--
rs59778921	t	g	49607.00	-1.562	0.1183	--
rs2604479	t	g	52097.00	1.154	0.2485	++
rs184042	a	g	49494.00	1.312	0.1895	+-
rs663663	a	g	47065.00	1.890	0.05872	++
rs12248154	t	c	51585.00	1.450	0.1471	++
rs17379910	a	g	47968.00	1.584	0.1132	+-
rs2140634	t	c	50923.00	-0.759	0.448	-+
rs117074968	a	g	46833.00	-0.417	0.6764	-+
rs73410917	a	g	47152.00	-0.324	0.7458	-+
rs76426020	a	c	48033.00	1.044	0.2966	++
rs117169655	a	g	46744.00	-0.397	0.6913	-+
rs74365235	t	g	47651.00	-1.289	0.1975	-+
rs117985286	a	g	46864.00	-0.409	0.6823	-+
rs12703801	a	g	51771.00	-0.180	0.8575	+-
rs35475086	a	g	46982.00	-0.362	0.7174	--
rs2832484	a	g	51639.00	1.253	0.21	++
rs3005512	a	g	51883.00	-0.084	0.9328	+-
rs275685	a	g	50604.00	0.431	0.6668	+-
rs2248371	a	c	52065.00	1.099	0.272	+-
rs12290170	a	g	47093.00	1.400	0.1616	++
rs6664943	t	g	52523.00	-0.492	0.6225	--
rs950792	a	g	49032.00	-0.993	0.3207	--
rs75926133	a	g	47316.00	1.530	0.126	+-
rs7954149	a	g	52582.00	0.601	0.5475	++
rs4976973	a	g	48632.00	0.824	0.4099	+-
rs3215560	a	c	50718.00	0.809	0.4185	-+
rs3829313	t	g	52246.00	-1.576	0.1151	--
rs113125564	t	c	47233.00	0.135	0.8924	++
rs6999964	a	g	50538.00	0.577	0.5642	++
rs4673132	t	c	49449.00	0.985	0.3247	++
rs76630176	a	g	46892.00	1.574	0.1156	++
rs9469306	t	g	48194.00	-0.295	0.768	--
rs12853170	a	g	50533.00	-0.193	0.8473	-+
rs2326905	t	c	52398.00	-0.382	0.7028	+-
rs114848418	a	g	49145.00	0.998	0.3181	++
rs79114428	t	c	47044.00	-0.510	0.6104	-+
rs3779845	t	g	47903.00	0.109	0.9134	++
rs2554835	a	g	52216.00	0.683	0.4948	++
rs2023864	a	g	51280.00	-1.071	0.284	-0
rs9579372	t	g	52148.00	0.516	0.6058	+-
rs116794113	a	g	46648.00	0.222	0.8246	+-
rs74618284	t	c	46724.00	-0.318	0.7504	-0
rs75861408	t	c	46880.00	-1.353	0.1761	-+
rs7081639	t	c	52201.00	0.411	0.6813	++
rs76039823	a	c	47016.00	1.349	0.1774	++
rs9503859	t	c	52538.00	-0.951	0.3416	--
rs11626617	t	c	47624.00	0.223	0.8237	++
rs11229550	t	c	46780.00	-0.980	0.3269	--
rs4472259	t	c	48108.00	-1.255	0.2093	--
rs17800023	t	c	46803.00	-1.348	0.1777	-+
rs10798625	a	g	51992.00	1.205	0.2284	+-
rs3792492	a	g	46660.00	-0.574	0.566	-+
rs11914832	a	g	50184.00	-0.427	0.6692	-+
rs15750	a	g	48997.00	-1.555	0.1199	--
rs6995232	a	g	48321.00	-0.611	0.5412	-+
rs12203461	a	g	49318.00	-0.042	0.9663	-+
rs7085635	t	c	48996.00	2.320	0.02032	++
rs61882429	a	g	46716.00	0.255	0.7988	++
rs28535894	a	g	48703.00	-0.683	0.4945	--
rs3780960	t	c	48776.00	0.811	0.4174	+-
rs16937230	t	c	47863.00	-1.422	0.155	-+
rs115898927	a	g	46608.00	0.622	0.5338	++
rs5011719	t	g	52134.00	-0.416	0.6775	-+
rs73162615	a	g	47257.00	-0.731	0.4647	--
rs10740519	a	g	49864.00	-0.221	0.8247	-+
rs7214830	t	c	50630.00	0.904	0.3658	++
rs75840288	a	c	47187.00	-0.763	0.4456	-+
rs11737218	t	g	51018.00	-1.172	0.241	-+
rs12824715	a	g	49810.00	-2.301	0.02139	--
rs2247557	a	g	48414.00	0.222	0.8244	++
rs117534326	a	g	46721.00	-1.337	0.1812	-+
rs10077300	a	c	47465.00	0.671	0.5021	+-
rs1541333	c	g	52413.00	-0.277	0.7816	--
rs6818782	a	g	52460.00	-0.957	0.3383	--
rs1327080	a	g	48823.00	1.036	0.3003	++
rs57708886	a	c	47651.00	1.190	0.234	+-
rs2256906	t	c	51212.00	1.105	0.2689	++
rs73163871	t	c	47002.00	-0.200	0.8411	-+
rs117325347	a	g	46759.00	-0.690	0.49	-+
rs6500637	t	c	52339.00	0.290	0.772	++
rs79367366	t	c	46664.00	1.738	0.08222	++
rs4878817	a	g	52340.00	-0.463	0.6436	-+
rs10513532	t	c	48521.00	-0.165	0.8692	--
rs2541178	t	c	47408.00	0.379	0.7044	+-
rs75399114	t	c	46694.00	1.459	0.1445	++
rs6498540	a	g	51752.00	-0.838	0.4018	-+
rs117115398	a	g	46854.00	-1.337	0.1812	--
rs17299939	t	c	49992.00	0.604	0.5457	+-
rs13183809	a	g	52347.00	0.326	0.7441	+-
rs17216177	t	c	47853.00	-0.054	0.9566	--
rs61350698	a	g	47882.00	-0.121	0.9035	+-
rs1972474	t	c	50550.00	0.909	0.3632	++
rs1454158	a	g	50938.00	0.867	0.3857	+-
rs9408826	a	g	52410.00	-0.335	0.7373	-+
rs11923648	a	g	47026.00	0.649	0.5163	++
rs6956172	t	g	51133.00	0.010	0.9924	-+
rs79212803	a	g	46825.00	-1.447	0.1479	-+
rs117498525	a	c	46868.00	-1.713	0.08665	--
rs11177361	a	g	50814.00	1.802	0.07155	+-
rs76761313	a	g	46662.00	0.250	0.8027	+-
rs1463163	t	c	51773.00	1.149	0.2505	++
rs9360443	t	c	47826.00	-1.256	0.2091	--
rs6575979	a	g	50701.00	-1.968	0.04909	--
rs2232354	t	g	50176.00	-0.551	0.5813	-+
rs72840803	a	g	47236.00	-1.073	0.2831	-+
rs77653337	a	g	47351.00	0.904	0.3659	++
rs35262597	a	g	46954.00	-0.449	0.6536	--
rs1910534	a	g	51054.00	-0.786	0.4321	--
rs505274	a	g	52375.00	-0.418	0.676	--
rs6450963	a	g	49907.00	0.850	0.3956	++
rs60477028	t	c	48244.00	-0.659	0.5101	--
rs35975087	t	c	46710.00	0.349	0.727	+0
rs11557308	t	c	46834.00	0.764	0.4446	++
rs10216225	t	c	52640.00	0.759	0.448	+-
rs17689871	t	c	51308.00	0.540	0.5893	++
rs756139	a	g	50411.00	0.548	0.5834	+-
rs12237141	a	g	47074.00	-0.010	0.9922	+-
rs11146471	a	g	50564.00	3.060	0.002214	++
rs7547279	a	c	47241.00	1.115	0.2648	++
rs3019752	t	c	50088.00	-0.311	0.756	-+
rs77057189	a	c	47201.00	-0.786	0.432	--
rs113602693	t	g	46944.00	0.173	0.8625	++
rs715455	a	c	48747.00	-1.700	0.08919	--
rs9521623	a	c	50618.00	0.122	0.9032	+-
rs10434536	a	c	48619.00	-0.633	0.5267	-+
rs7009821	t	c	50957.00	1.326	0.185	+-
rs11723946	t	c	47211.00	-0.093	0.9256	--
rs1501785	a	g	47533.00	-2.298	0.02158	-+
rs79188675	t	c	48000.00	1.330	0.1837	++
rs56268711	t	c	47530.00	0.345	0.7297	++
rs16942699	t	c	47620.00	-0.532	0.5945	--
rs76073934	t	c	47782.00	-0.071	0.9435	-+
rs79554354	t	g	46963.00	0.128	0.8979	+-
rs34084581	t	c	47097.00	1.323	0.186	++
rs6793040	a	c	48530.00	-2.140	0.03237	--
rs1437206	t	c	50898.00	-0.873	0.3826	-+
rs2799466	t	c	48339.00	0.956	0.3388	+-
rs215748	t	c	51788.00	0.215	0.8298	+-
rs1951090	t	c	51692.00	-0.199	0.8426	-+
rs17885983	t	c	51442.00	0.384	0.7008	+-
rs78864240	a	g	48700.00	2.174	0.02968	+-
rs62518194	t	c	47351.00	-1.506	0.132	--
rs79466433	a	g	47011.00	-0.715	0.4745	-+
rs74117923	t	c	46957.00	-0.538	0.5905	--
rs12724603	a	g	47554.00	-0.034	0.9725	-+
rs1002107	t	c	50591.00	1.612	0.1069	++
rs16949147	a	g	46983.00	-1.312	0.1896	--
rs79350445	a	c	46887.00	-0.110	0.9121	-+
rs62024516	a	g	51615.00	-1.186	0.2358	-+
rs75687588	t	c	47119.00	0.629	0.5296	++
rs74769606	t	g	48646.00	0.085	0.932	+-
rs34884202	t	c	47402.00	-1.742	0.08153	--
rs79903890	a	g	46811.00	1.625	0.1041	+-
rs1995598	t	g	51879.00	1.914	0.05561	++
rs62225336	a	g	48592.00	0.870	0.3846	++
rs118093904	a	g	47160.00	1.487	0.1369	++
rs2172947	a	c	52313.00	-0.883	0.3772	-+
rs76870270	t	c	49216.00	2.301	0.0214	+-
rs73042134	t	c	46620.00	1.542	0.1231	++
rs17768364	t	c	52388.00	-0.389	0.6975	-+
rs117363748	a	g	47391.00	0.209	0.8341	+-
rs28399684	a	g	52581.00	1.355	0.1754	++
rs56317784	t	c	47929.00	0.234	0.8153	++
rs13376631	a	g	49319.00	0.601	0.5482	++
rs79625973	a	g	46905.00	-0.189	0.8497	+-
rs10882220	a	g	51914.00	-2.323	0.02016	--
rs75880655	t	c	46827.00	-1.134	0.2569	-+
rs1156085	a	g	46684.00	0.274	0.7843	++
rs4843650	a	g	52631.00	-0.144	0.8857	+-
rs78486362	t	c	47175.00	-0.264	0.7914	-+
rs56804022	t	c	50865.00	-0.396	0.6924	--
rs7046727	a	g	50262.00	-1.547	0.1219	--
rs2208299	t	c	51580.00	0.312	0.7548	-+
rs118181609	a	g	46682.00	-1.041	0.298	-+
rs77784915	a	g	46772.00	-1.331	0.1832	--
rs640215	a	g	50606.00	-0.474	0.6354	--
rs75729714	a	g	48172.00	0.711	0.4769	++
rs642668	t	c	50366.00	-1.263	0.2065	--
rs34582598	t	g	51679.00	0.465	0.642	+-
rs17200189	a	g	50813.00	-0.156	0.8761	--
rs10232366	t	g	46834.00	1.284	0.1993	+-
rs6919059	a	g	52092.00	0.586	0.5576	+-
rs118165031	t	c	46760.00	-0.886	0.3756	--
rs111849818	a	c	46718.00	-0.875	0.3818	--
rs116487956	a	g	46831.00	-0.138	0.8905	--
rs77683511	t	c	46769.00	0.869	0.3849	++
rs13293020	t	c	50692.00	0.512	0.6089	+-
rs11603928	a	g	51591.00	-1.277	0.2018	--
rs75589202	t	c	47262.00	1.639	0.1012	++
rs34509057	a	g	50373.00	4.212	2.535e-05	+-
rs17710168	a	c	49259.00	-0.877	0.3804	--
rs1336406	t	c	47058.00	0.731	0.4646	++
rs12761309	a	g	47237.00	0.417	0.6767	+-
rs6600981	t	c	51854.00	1.130	0.2583	++
rs80057684	t	c	47304.00	0.400	0.6892	+-
rs12644436	a	g	52608.00	1.151	0.2498	++
rs35587801	t	g	46806.00	1.895	0.05811	++
6:56332476	a	tt	46350.00	-0.900	0.3682	-?
rs2488893	t	c	46988.00	1.645	0.1	++
rs3823680	a	g	47365.00	0.659	0.5102	++
rs999672	a	c	49822.00	-0.387	0.6987	--
rs228218	a	g	52515.00	1.442	0.1494	++
rs1470201	t	c	51839.00	-0.033	0.9736	-+
rs76096817	t	c	48478.00	-1.175	0.2399	-+
rs79233977	t	c	46630.00	-0.182	0.8556	-+
rs6869742	t	c	51608.00	-1.167	0.2433	--
rs72728511	t	c	47000.00	-0.185	0.8536	--
rs2687920	t	g	47621.00	-2.694	0.007066	--
rs1042522	c	g	51394.00	2.718	0.006575	++
rs73225136	t	c	47180.00	0.670	0.5027	++
rs299438	a	g	51397.00	-0.190	0.849	-+
rs4639283	t	c	46698.00	-0.694	0.4877	--
rs17136498	a	g	47894.00	0.761	0.4466	++
rs6928743	t	c	51668.00	0.503	0.615	++
rs114328185	a	g	46923.00	0.883	0.377	++
rs67764444	a	g	52243.00	0.671	0.5023	++
rs117208282	a	g	46965.00	-1.093	0.2745	--
rs78977821	t	c	47426.00	-0.067	0.9468	--
rs173438	t	c	52278.00	-1.381	0.1672	--
rs62182135	a	c	51469.00	1.516	0.1294	+-
rs34170541	t	g	47097.00	1.611	0.1072	++
rs12315146	t	c	48409.00	2.188	0.02865	++
rs6713511	a	g	50378.00	1.229	0.219	+-
rs2724632	a	g	47523.00	-0.428	0.6683	--
rs689290	t	g	51775.00	-0.138	0.8901	+-
rs34350728	t	c	46630.00	0.940	0.3471	+-
rs12922093	t	c	51171.00	-2.712	0.006682	--
rs17498503	t	c	52475.00	-1.404	0.1604	--
rs2881189	a	g	49928.00	-0.961	0.3364	-+
rs77009603	a	g	47344.00	-0.402	0.688	-+
rs12338969	t	c	48570.00	2.449	0.01431	++
rs17077115	t	c	49176.00	-1.340	0.1802	-+
rs118017822	a	c	46792.00	-1.619	0.1055	--
rs11948984	t	c	50812.00	-0.924	0.3553	-+
rs62487977	t	g	47023.00	-0.075	0.9404	+-
rs344945	a	g	50444.00	0.324	0.7457	+-
rs77384631	a	g	47114.00	-1.479	0.1393	--
rs2236896	t	g	49442.00	0.681	0.4959	++
rs7242277	t	c	51094.00	-0.327	0.7434	-+
rs6456093	a	g	52058.00	-1.352	0.1764	--
rs12148282	t	c	47064.00	-0.962	0.3361	-+
rs115721921	t	c	47149.00	-0.330	0.7417	--
rs116679095	t	c	46587.00	0.649	0.5165	++
rs4491326	t	c	51627.00	-0.428	0.6687	--
rs9824364	t	g	50293.00	0.931	0.3517	++
rs3811133	a	c	51598.00	0.732	0.464	++
rs34480201	t	c	51432.00	-0.297	0.7663	--
rs6728493	a	c	51806.00	-0.440	0.6597	--
rs2823815	t	c	52545.00	1.305	0.192	+-
rs10029959	a	c	49395.00	-0.576	0.5648	--
rs3824716	a	c	52479.00	0.731	0.465	++
rs76386679	t	c	47058.00	-2.332	0.01972	-+
rs7818357	t	c	51190.00	1.505	0.1322	+-
rs12979565	t	c	51227.00	1.766	0.07743	+-
rs16922533	a	g	50191.00	-1.622	0.1047	--
rs118088698	a	g	46635.00	-0.951	0.3415	--
rs58981705	t	c	47640.00	1.369	0.1711	+-
rs10517457	a	g	49473.00	-2.161	0.03072	-+
rs17717412	t	c	46887.00	1.268	0.2048	++
rs114951832	a	g	46829.00	1.207	0.2274	+-
rs75716624	t	c	47263.00	-0.075	0.9401	-+
rs72716215	a	g	46739.00	0.159	0.8737	++
rs74702501	t	c	46872.00	2.078	0.03772	++
rs76242954	t	c	46642.00	-0.183	0.8545	--
rs5746906	a	g	47301.00	0.317	0.7514	++
rs1980373	a	c	50819.00	0.578	0.5635	++
rs111233744	a	g	47187.00	-0.158	0.8745	-+
rs129886	t	c	50582.00	-1.584	0.1132	--
rs16926872	a	g	46953.00	-0.517	0.6055	-+
rs16933794	t	g	47397.00	-1.906	0.05664	--
rs79884804	t	c	49000.00	-0.574	0.5662	--
rs2922195	t	c	52586.00	0.130	0.897	+-
rs12667395	t	c	52237.00	1.158	0.2468	++
rs6487655	t	g	51674.00	-1.312	0.1894	--
rs116665628	a	g	46695.00	-0.653	0.5137	--
rs28655406	a	c	51944.00	-0.189	0.8503	-+
rs7816300	t	c	51379.00	0.143	0.8865	+-
rs6760332	t	c	51521.00	0.298	0.7657	++
rs6495367	a	g	52397.00	0.248	0.8038	++
rs6539531	a	g	51144.00	-0.934	0.3503	-+
rs10232758	a	c	52566.00	0.611	0.5414	++
rs944604	t	c	52264.00	1.310	0.1901	++
rs12195673	t	g	49043.00	-0.220	0.8255	-+
rs75155921	a	g	48245.00	-1.480	0.139	--
rs9297357	t	c	51467.00	1.522	0.1281	+-
rs75146973	a	g	46919.00	-0.595	0.5517	-+
rs114068480	t	c	46904.00	-0.599	0.5489	-+
rs3843309	t	c	52187.00	-0.968	0.3329	--
rs12492639	a	g	52548.00	-0.008	0.9933	+-
rs75497247	t	g	46650.00	1.766	0.07739	++
rs117148884	a	g	47652.00	0.789	0.4298	+-
rs72680337	a	g	47199.00	1.278	0.2014	++
rs12678875	t	c	49909.00	0.282	0.7781	+-
rs116963300	a	g	46720.00	1.691	0.09083	+-
rs6898510	t	c	47508.00	0.503	0.615	++
rs3111797	a	g	49769.00	-0.351	0.7255	--
rs7361530	t	c	51189.00	0.138	0.89	-+
rs4653935	a	g	50146.00	-1.325	0.1851	--
rs7692317	t	c	49509.00	-0.094	0.9251	-+
rs76512911	t	g	46658.00	1.121	0.2623	+-
rs9956398	a	g	52229.00	-0.764	0.4447	--
rs11233175	t	c	50358.00	-0.654	0.5129	-+
rs79192008	t	c	46960.00	-0.422	0.6733	--
rs10774922	t	c	52459.00	-1.008	0.3133	--
rs9409438	a	g	48940.00	0.558	0.5768	++
rs1476808	a	g	51611.00	-0.499	0.6181	--
rs7214412	t	c	51781.00	0.012	0.9906	+-
rs3913843	a	g	50407.00	-0.219	0.8266	+-
rs76124579	t	g	46661.00	-0.135	0.8926	-+
rs2118824	a	g	52678.00	1.438	0.1504	+-
rs77098155	a	g	47174.00	-1.417	0.1564	--
rs79832429	t	c	47334.00	-0.127	0.8987	-+
rs1711376	a	g	51316.00	1.098	0.2723	++
rs76146397	t	g	46700.00	-0.465	0.6417	--
rs61862222	a	c	46894.00	-0.686	0.4929	-+
rs116024858	t	g	47218.00	-1.037	0.2999	-+
rs17817650	t	g	50627.00	-1.205	0.2284	--
rs2039280	a	g	46728.00	1.115	0.265	++
rs59485019	a	g	47410.00	0.833	0.4049	+-
rs10822791	t	g	50777.00	0.831	0.4057	+-
rs78221875	a	g	46769.00	-0.886	0.3758	--
rs79675681	a	g	48509.00	-0.297	0.7666	-+
rs1883148	a	g	50871.00	-1.210	0.2262	--
rs117869625	a	g	46900.00	1.375	0.1692	++
rs115145617	t	c	47180.00	-0.406	0.685	--
rs35051291	t	c	47578.00	-1.499	0.1339	--
rs34206649	a	g	46894.00	-0.873	0.3829	-+
rs12757606	a	g	52643.00	-1.601	0.1094	--
rs596557	t	g	50842.00	1.234	0.2171	+-
rs9940469	a	g	51306.00	2.065	0.03892	++
rs78625508	t	c	46635.00	-0.720	0.4718	-+
rs7785832	t	c	50592.00	1.178	0.2388	++
rs139909	t	c	51748.00	0.056	0.9554	-+
rs7179423	a	g	52366.00	-1.952	0.05095	--
rs3130375	a	c	48658.00	-0.699	0.4847	--
rs78299674	a	g	46627.00	-1.121	0.2624	--
rs112292237	t	c	46745.00	0.437	0.6621	+-
rs6777876	a	g	48679.00	0.669	0.5035	+-
rs79382602	a	c	47282.00	0.698	0.485	++
rs7183608	a	g	50763.00	1.796	0.07245	+-
rs11764446	t	c	48291.00	-0.991	0.3219	--
rs12784166	a	g	47101.00	-1.392	0.1639	-+
rs7622799	a	g	49080.00	0.562	0.5742	+-
rs8176026	a	g	47547.00	-1.574	0.1155	--
rs12315013	a	c	47762.00	0.434	0.6641	++
rs57163573	t	c	49468.00	1.713	0.08665	++
rs8136867	a	g	52276.00	-0.601	0.5477	--
rs73156693	t	c	48059.00	0.641	0.5214	++
rs72975528	t	g	46824.00	0.991	0.3216	+-
rs78976627	a	c	47505.00	2.173	0.0298	++
rs118124936	a	c	46898.00	0.221	0.8253	+-
rs7558226	a	g	49697.00	-1.677	0.09348	-+
rs12938765	a	g	49969.00	0.251	0.8022	++
rs4247308	a	g	52669.00	-1.684	0.09226	--
rs77415342	a	g	47293.00	1.609	0.1075	++
rs59069517	t	g	48858.00	0.133	0.8944	+-
rs114027161	a	g	47266.00	-0.168	0.8669	-+
rs72859585	t	g	47040.00	0.568	0.5698	++
rs45546535	t	c	46801.00	-0.557	0.5777	--
rs6972020	a	t	52072.00	-0.710	0.4775	-+
rs55805893	t	c	47218.00	1.411	0.1582	++
rs73185895	a	c	47059.00	0.698	0.485	+-
rs56986174	t	c	47381.00	0.834	0.4041	+-
rs2232866	t	c	52659.00	-0.944	0.345	-+
rs77915169	t	g	47341.00	-0.318	0.7502	--
rs146464336	t	c	46738.00	-0.068	0.9455	-0
rs6414386	t	c	50591.00	-1.201	0.2296	-+
rs970270	a	g	50112.00	-0.133	0.8941	--
rs2807743	t	c	50833.00	-0.771	0.4406	-+
rs3773008	t	g	52421.00	0.941	0.347	++
rs200252732	a	g	52168.00	0.960	0.3372	+-
rs6117882	a	g	50666.00	0.337	0.7364	-+
rs56106214	t	g	50868.00	2.252	0.02433	++
rs17028491	a	g	51040.00	1.320	0.1867	++
rs827289	t	g	52532.00	1.188	0.2347	+-
rs73060073	t	c	47261.00	-0.883	0.3771	--
rs3010304	t	c	51684.00	-0.957	0.3383	-+
rs76094687	a	c	46784.00	-2.723	0.006477	-+
rs72786955	t	c	47190.00	1.279	0.201	+-
rs13078067	t	c	51230.00	1.216	0.224	++
rs62170972	a	g	47048.00	-0.192	0.8481	-+
rs7110588	a	g	52437.00	2.399	0.01642	++
rs276720	a	g	50418.00	-1.213	0.2253	-+
rs11668898	t	g	46926.00	-0.098	0.9222	+-
rs1556223	t	c	52318.00	-1.223	0.2215	--
rs28387108	a	g	51306.00	1.137	0.2557	+-
rs12997141	t	c	50726.00	-1.156	0.2477	--
rs11062026	t	c	50432.00	0.274	0.7843	++
rs60409151	t	c	47183.00	-0.428	0.6689	-+
rs447938	a	g	49575.00	2.320	0.02035	+-
rs7219452	a	c	49040.00	0.256	0.7982	++
rs3762839	a	c	49587.00	-0.500	0.6172	-+
rs9522703	t	g	52648.00	0.093	0.9256	+-
rs112356555	a	g	47027.00	-1.940	0.05236	--
rs578577	a	g	49172.00	2.817	0.00484	++
rs10913472	t	c	52324.00	0.343	0.7315	++
rs116556518	a	g	46943.00	1.751	0.08001	++
rs79703302	a	g	47216.00	-0.059	0.9533	-+
rs3091281	t	c	51166.00	1.479	0.1391	++
rs9498161	t	c	52436.00	-0.736	0.4616	--
rs5749912	t	c	47863.00	1.528	0.1266	+-
rs11960397	t	c	47211.00	1.622	0.1048	+-
rs28516666	t	c	50177.00	-0.720	0.4715	+-
rs4835042	a	c	50731.00	-0.686	0.4926	--
rs12749994	t	c	46779.00	1.973	0.04853	++
rs115310098	t	c	46917.00	0.634	0.526	++
rs10892640	a	g	52382.00	-0.217	0.828	+-
rs72880160	t	g	47714.00	0.953	0.3406	+-
rs62323184	t	c	46881.00	0.543	0.5873	+-
rs200630168	t	g	50126.00	0.591	0.5546	+-
rs6538566	a	c	50633.00	-0.090	0.9284	+-
rs1316575	t	c	52235.00	-0.346	0.7292	+-
rs2279737	a	g	51582.00	0.775	0.4383	++
rs79594499	a	g	46773.00	0.718	0.4727	+-
rs2148081	t	c	49322.00	-1.071	0.2842	--
rs716368	t	c	51842.00	0.426	0.6698	++
rs13097429	a	g	49583.00	-0.400	0.6895	+-
rs10257747	a	g	51976.00	0.400	0.6893	++
rs877907	a	g	52313.00	0.419	0.6749	++
rs7674083	t	c	52134.00	1.904	0.05696	++
rs112747439	a	g	47015.00	0.328	0.7432	+-
rs117675691	t	c	47465.00	0.589	0.5556	+-
rs5745887	t	c	47058.00	0.781	0.4349	+0
rs942919	a	c	50347.00	1.374	0.1694	++
rs62578943	a	g	47087.00	-1.605	0.1085	--
rs74332768	a	g	46726.00	-0.071	0.943	-+
rs34766487	t	c	52405.00	-1.650	0.09895	-+
rs17612068	a	g	49592.00	-1.931	0.05353	-+
rs4306630	t	c	52548.00	1.215	0.2242	++
rs114649924	t	g	47357.00	-0.790	0.4292	--
rs118164712	t	c	46889.00	-1.084	0.2782	--
rs61918411	t	c	46857.00	-2.333	0.01967	--
rs1293383	t	c	50225.00	-0.894	0.3714	--
rs183533011	a	g	46617.00	0.178	0.859	+-
rs1321893	t	c	47188.00	-0.494	0.6215	-+
rs2673423	t	c	51122.00	-0.498	0.6186	-+
rs77884943	t	c	46731.00	-0.130	0.8968	--
rs116933692	t	c	47059.00	2.537	0.01117	++
rs147149731	a	g	46677.00	-1.068	0.2855	-+
rs117011257	a	g	46868.00	0.781	0.435	+-
rs762601	a	g	52580.00	-0.997	0.3188	-+
rs12766408	a	g	47178.00	0.593	0.553	++
rs75981367	t	c	46700.00	-1.169	0.2424	--
rs17094912	t	c	48299.00	0.119	0.9054	++
rs4316844	a	g	52124.00	0.859	0.3901	++
rs76292407	a	c	46874.00	1.103	0.2702	+0
rs76701907	t	c	46958.00	-0.409	0.6824	--
rs117311393	t	c	46781.00	0.158	0.8746	+-
rs823424	a	g	50562.00	-0.110	0.9122	+-
rs6463960	t	c	52311.00	-0.904	0.3662	--
rs1604452	a	c	50955.00	1.194	0.2326	+-
rs4150780	t	g	47197.00	-1.266	0.2056	--
rs117072213	t	c	46866.00	0.677	0.4984	+-
rs59954466	t	c	48462.00	0.779	0.4359	+0
rs13280387	t	c	52528.00	-0.283	0.7769	--
rs6816822	t	c	47891.00	0.746	0.4555	++
rs4777841	t	c	47682.00	-0.100	0.9201	+-
rs76901317	a	g	47511.00	0.671	0.5022	++
rs2837263	a	g	50475.00	1.358	0.1744	++
rs11938052	a	g	52434.00	0.690	0.4904	+-
rs11233635	t	g	46748.00	-1.815	0.06954	--
rs7195171	a	g	51276.00	0.850	0.3955	+-
rs12519589	a	g	49294.00	0.316	0.752	+-
rs17064638	a	g	47313.00	-0.004	0.9966	+-
rs117377339	t	c	47072.00	0.130	0.8964	+-
rs3111858	t	c	51632.00	-0.517	0.6049	-+
rs2211781	a	c	52173.00	-0.491	0.6235	--
rs650643	a	c	52127.00	-0.457	0.6477	-+
rs111314200	t	c	46962.00	0.952	0.3409	+-
rs12462677	a	g	47538.00	0.135	0.8925	++
rs16893351	t	c	47610.00	-0.138	0.8904	+-
rs78763602	t	c	47225.00	-0.480	0.6311	--
rs12281051	a	c	46747.00	-1.006	0.3143	--
rs12375958	a	g	50286.00	0.208	0.8351	+-
rs56066519	a	g	51047.00	0.799	0.4246	++
rs115245160	a	g	46701.00	-0.523	0.601	-+
rs79134142	t	c	48862.00	-1.255	0.2096	--
rs453039	a	g	46746.00	1.503	0.133	+-
rs117085672	t	c	46721.00	0.860	0.39	++
rs62443806	t	c	49893.00	0.598	0.5499	++
rs12329721	a	g	48478.00	0.998	0.3182	++
rs72874661	a	c	48091.00	-2.832	0.004626	-+
rs557856	t	c	50415.00	0.443	0.6581	+-
rs112844133	a	g	47013.00	-0.970	0.332	--
rs116698434	t	c	46700.00	-1.531	0.1258	--
rs61749335	t	c	46826.00	-0.740	0.4594	--
rs943997	t	c	50484.00	-1.156	0.2476	--
rs35773734	a	c	51531.00	0.753	0.4516	+-
rs79347704	a	g	46811.00	0.631	0.5278	++
rs77536899	a	g	46859.00	-2.159	0.03082	--
rs28660399	t	c	47256.00	2.071	0.03833	+-
rs28360616	a	c	49397.00	-1.020	0.3078	-+
rs9380857	a	g	47541.00	0.649	0.5165	+-
rs11748341	t	c	50020.00	0.244	0.8074	-+
rs9260960	c	g	49328.00	0.932	0.3512	++
rs1848021	t	c	51909.00	-1.526	0.1271	--
rs598392	a	g	50982.00	-0.661	0.5086	-+
rs77269085	a	g	46999.00	1.521	0.1283	+-
rs7455144	t	c	52399.00	-2.043	0.04107	--
rs2753440	a	g	52502.00	0.048	0.9618	+-
rs6086986	a	g	49167.00	0.168	0.8663	+-
rs116214146	a	g	46641.00	0.309	0.757	+-
rs1904928	a	g	47546.00	1.118	0.2635	+-
rs61895848	t	c	48780.00	1.211	0.226	++
rs2085346	a	g	47059.00	-1.063	0.2879	--
rs115588625	a	g	46985.00	-0.179	0.8579	+-
rs77631205	a	g	47552.00	0.272	0.7858	+-
rs78923008	t	c	46806.00	0.306	0.7595	++
rs12126248	t	c	51091.00	0.904	0.3662	+-
rs4680264	t	c	52273.00	-1.023	0.3063	--
rs77968073	t	c	46668.00	0.006	0.9949	+-
rs1540997	t	c	52328.00	0.830	0.4065	++
rs72830624	a	g	46979.00	0.380	0.7043	++
rs11101677	t	c	46984.00	-1.407	0.1594	--
rs41477045	t	c	46766.00	-0.941	0.3469	-+
rs1391931	t	c	52459.00	2.286	0.02223	++
rs62382361	t	c	47015.00	2.157	0.03099	++
rs56170710	a	c	47202.00	-0.442	0.6588	--
rs4555724	t	c	52350.00	0.061	0.9511	++
rs116009319	t	c	46777.00	0.105	0.9163	-+
rs75748776	t	c	46853.00	-0.577	0.5643	-+
rs17535054	a	g	47290.00	-0.754	0.4511	--
rs11783421	t	c	48280.00	0.430	0.6674	++
rs74332961	a	g	47434.00	1.227	0.2199	+-
rs4304750	t	g	52255.00	1.085	0.2779	++
rs113130146	a	g	46934.00	0.025	0.98	-+
rs4455277	t	c	52661.00	-0.753	0.4516	-+
rs71476182	t	g	49163.00	-1.424	0.1545	--
rs2184230	a	g	51491.00	1.904	0.05691	++
rs259458	a	c	51684.00	-1.100	0.2714	--
rs56892412	t	g	49422.00	-1.031	0.3025	-+
rs6495708	t	c	52184.00	0.955	0.3397	+-
rs34136947	t	g	49765.00	0.422	0.6727	++
rs11924342	a	c	47399.00	-0.037	0.9702	-+
rs73189231	t	c	48635.00	2.039	0.04143	++
rs61874877	a	g	51325.00	-0.555	0.5791	--
rs73048380	a	g	47057.00	0.059	0.9532	+-
rs9267970	a	g	52486.00	1.237	0.216	++
rs6028744	a	c	51688.00	-0.524	0.6	--
rs2501540	t	c	51290.00	-1.804	0.07124	-+
rs11255779	t	c	52449.00	2.017	0.0437	++
rs4711209	a	g	51238.00	1.902	0.05716	++
rs77877120	a	c	47726.00	2.186	0.02881	+-
rs3117574	a	g	48327.00	-0.734	0.463	--
rs4959050	t	c	50238.00	1.014	0.3107	++
rs7322064	a	c	47609.00	0.511	0.6093	++
rs11699950	t	c	50266.00	0.470	0.6384	++
rs73722766	a	g	49914.00	1.197	0.2315	++
rs6706979	a	g	47411.00	1.009	0.3127	+-
rs35244045	t	c	48277.00	-0.840	0.4008	--
rs877783	a	g	51388.00	0.139	0.8896	-+
rs13092573	t	c	51861.00	2.923	0.003464	++
rs2126128	t	c	52478.00	-1.134	0.2567	-+
rs77860739	t	c	46740.00	1.576	0.1151	++
rs73193632	a	g	46750.00	1.249	0.2118	++
rs1416811	t	c	47103.00	-0.007	0.9943	-+
rs78234403	a	c	46940.00	-0.022	0.9826	-+
rs115264712	t	c	47342.00	1.199	0.2305	+-
rs9578676	a	g	48007.00	1.085	0.278	++
rs117369190	a	c	46950.00	-0.558	0.5769	-+
rs71509553	a	g	46840.00	-0.048	0.9617	-+
rs76451814	t	g	46838.00	0.909	0.3635	+-
rs11655279	a	g	47470.00	-0.375	0.7079	--
rs12569753	a	g	51092.00	0.536	0.592	+-
rs7839884	a	g	52248.00	-0.886	0.3756	--
rs2188851	t	c	50079.00	0.805	0.421	+-
rs111752260	t	c	46665.00	0.407	0.6842	+-
rs2944537	a	g	49133.00	1.803	0.07146	++
rs8088774	a	g	52297.00	1.419	0.1558	+-
rs75602771	t	g	46897.00	-0.083	0.9335	-+
rs114183633	t	c	47024.00	1.724	0.08466	++
rs62621206	a	g	46728.00	-1.117	0.2639	-+
rs62129078	a	g	49525.00	-0.166	0.868	+-
rs3814865	t	c	47587.00	-0.118	0.9058	+-
rs76936579	a	g	47588.00	1.693	0.09038	++
rs10505492	a	g	48736.00	-0.370	0.7116	--
rs1279992	a	g	52367.00	1.488	0.1369	++
rs10252945	a	c	51013.00	0.664	0.5068	+-
rs79782126	t	c	46677.00	-1.600	0.1097	-+
rs78388550	t	c	46697.00	-0.166	0.8678	--
rs72673171	t	c	46985.00	0.723	0.4697	++
rs6077242	t	c	52530.00	-0.228	0.8199	-+
rs688776	a	c	52193.00	0.578	0.563	+-
rs77416794	a	c	47181.00	1.352	0.1764	++
rs2075685	t	g	52417.00	-0.118	0.9065	+-
rs117998438	a	g	46687.00	-1.527	0.1269	-+
rs9998545	t	c	49768.00	-1.239	0.2152	--
rs10475601	a	g	48995.00	-0.206	0.8369	-+
rs2143615	a	g	47909.00	1.182	0.2374	+-
rs61708260	a	g	50859.00	-1.255	0.2096	--
rs9584195	t	c	47145.00	0.386	0.6996	++
rs7642634	t	c	49072.00	-2.126	0.03354	--
rs328502	a	g	49192.00	-0.502	0.6156	-+
rs4873161	t	c	50292.00	-0.205	0.8379	-+
rs13108906	a	c	50719.00	2.351	0.01874	++
rs16858432	a	g	47397.00	0.707	0.4798	++
rs74911677	t	c	46918.00	-0.740	0.4593	--
rs1649704	a	g	52043.00	-0.281	0.7791	-+
rs175887	t	c	47188.00	0.383	0.7016	+-
rs425050	t	c	51337.00	-1.743	0.08129	--
rs75660897	t	g	47061.00	-0.107	0.9144	-+
rs2143272	t	c	47927.00	-0.236	0.8133	-+
rs11587000	a	g	49602.00	2.533	0.01129	++
rs78717165	t	c	47078.00	0.951	0.3416	++
rs443033	t	c	50403.00	0.492	0.6224	++
rs11991453	t	g	52388.00	-0.059	0.9532	-+
rs76317854	t	c	46863.00	0.371	0.7109	++
rs111478158	t	c	48424.00	-0.659	0.5102	-+
rs480733	t	c	48247.00	0.156	0.8758	++
rs2800775	a	g	49789.00	1.185	0.2362	++
rs17651291	a	g	48095.00	0.463	0.6434	+-
rs17862210	a	g	46926.00	0.736	0.4619	++
rs135345	t	c	47035.00	-1.180	0.2381	--
rs61944849	t	c	47039.00	-1.417	0.1564	-+
rs9987765	t	g	52139.00	0.319	0.7494	++
rs117409421	a	g	47000.00	-0.696	0.4862	--
rs1193384	a	g	49703.00	-2.441	0.01465	--
rs5003615	t	c	52512.00	-3.324	0.0008861	--
rs7231056	a	g	51190.00	-1.454	0.146	--
rs7731436	t	c	50419.00	-0.205	0.8373	-+
rs34917063	t	g	47203.00	-1.022	0.3067	-+
rs7659237	t	c	49905.00	1.325	0.1851	++
rs974412	a	g	49405.00	1.832	0.06694	++
rs6571605	a	g	50024.00	-0.342	0.7327	--
rs4910023	a	c	51976.00	-1.198	0.2311	-+
rs2108570	a	g	50510.00	0.755	0.4502	+-
rs441335	t	c	52399.00	0.385	0.7004	+-
rs77079999	a	g	46838.00	0.832	0.4053	+-
rs11150737	a	g	51503.00	-0.591	0.5548	-+
rs1286922	t	c	51095.00	-0.662	0.5083	-+
rs7296827	a	g	52444.00	1.402	0.161	+-
rs10282350	a	g	49833.00	1.275	0.2023	+-
rs3784862	a	g	51383.00	0.658	0.5104	+-
rs4714572	t	c	49670.00	-1.781	0.07484	-+
rs2506119	t	g	52046.00	-0.668	0.5042	--
rs1328899	t	c	46936.00	0.255	0.7985	+-
rs9816564	t	c	52400.00	-0.535	0.593	--
rs2735065	a	c	47573.00	0.800	0.4237	++
rs1956995	t	c	51297.00	-0.647	0.5175	-+
rs73130379	a	g	47233.00	1.733	0.08301	++
rs117576993	a	g	46708.00	-1.188	0.235	--
rs4796793	c	g	51305.00	1.209	0.2267	++
rs11099595	a	g	51936.00	-0.790	0.4293	--
rs8066891	a	g	49577.00	-0.435	0.6638	--
rs1919904	a	g	52461.00	0.393	0.6944	++
rs11192840	a	g	48261.00	1.123	0.2615	++
rs2943549	a	g	52465.00	0.718	0.4728	+-
rs6447399	a	g	52492.00	0.302	0.7624	-+
rs114930635	t	c	47170.00	1.148	0.2509	+0
rs78255835	a	g	46667.00	-0.244	0.8071	--
rs17683993	a	g	50193.00	-1.690	0.09104	--
rs34025389	t	c	47098.00	-0.075	0.9402	-+
rs10942328	t	c	49164.00	-1.648	0.0993	--
rs6142884	a	g	52454.00	0.465	0.6418	-+
