snpid	CHR	POS	A1	A2	T	U	OR	L95	U95	CHISQ	P	Zscore	N
rs3131972	1	817341	A	G	1954	1967	0.9934	0.9331	1.058	0.0431	0.8355	-0.2072606966806619	3921
rs12127425	1	858952	A	G	945	969	0.9752	0.8916	1.067	0.3009	0.5833	-0.5491872403696809	1914
rs3748597	1	953279	T	C	673	679	0.9912	0.8909	1.103	0.02663	0.8704	-0.162389076458819	1352
rs3828049	1	953858	A	G	631	622	1.014	0.9081	1.133	0.06464	0.7993	0.2470424764230525	1253
rs13303229	1	962184	T	C	809	827	0.9782	0.8879	1.078	0.198	0.6563	-0.4460338215270273	1636
rs28561399	1	975093	A	G	1520	1428	1.064	0.9903	1.144	2.8710000000000004	0.09018	1.693852340832325	2948
rs41285816	1	982260	A	G	2091	2050	1.02	0.9597	1.084	0.4059	0.524	0.6369371778093297	4141
rs2341354	1	983193	A	G	3022	2875	1.051	0.9988	1.106	3.664	0.05559	1.913802858228502	5897
rs6605059	1	984039	T	C	2268	2303	0.9848	0.9293	1.044	0.268	0.6047	-0.5175368593777858	4571
rs4970414	1	984121	G	T	3052	2973	1.027	0.976	1.08	1.036	0.3088	1.025200169372606	6025
rs116781904	1	984475	A	G	1389	1341	1.036	0.9609	1.117	0.8440000000000001	0.3583	0.921165291253774	2730
rs2799064	1	1022518	T	G	2930	2762	1.061	1.007	1.117	4.959	0.025960000000000004	2.2217378544156023	5692
rs138288952	1	1043382	A	G	139	131	1.061	0.8358	1.347	0.237	0.6264	0.4864461421968954	270
rs113288277	1	1044368	T	A	462	459	1.007	0.8846	1.145	0.009772	0.9213	0.10549919669091215	921
rs2465136	1	1055037	C	T	2685	2567	1.046	0.9909	1.104	2.651	0.1035	1.628896946926311	5252
rs7526076	1	1063015	A	G	2369	2274	1.042	0.9835	1.103	1.944	0.1633	1.3956176675371614	4643
rs113592356	1	1068951	T	C	514	537	0.9572	0.8481	1.08	0.5033	0.478	-0.7084822316852087	1051
rs9442372	1	1083324	A	G	3159	3054	1.034	0.9842	1.087	1.775	0.1828	1.3276120525778767	6213
rs12731175	1	1094994	A	G	663	706	0.9391	0.8446	1.044	1.351	0.2452	-1.161179027705713	1369
rs9651273	1	1096160	A	G	2297	2240	1.025	0.9675	1.087	0.7161	0.3974	0.8383068223113813	4537
rs9442373	1	1127258	C	A	3113	3140	0.9914	0.9435	1.042	0.1166	0.7328	-0.34184795660546236	6253
rs11260542	1	1174639	G	A	1071	1087	0.9853	0.9055	1.072	0.1186	0.7305	-0.3436685949133079	2158
rs12092254	1	1177741	A	G	1036	1051	0.9857	0.9047	1.074	0.1078	0.7427	-0.32922186960650085	2087
rs111751804	1	1180123	C	T	234	283	0.8269	0.6954	0.9832	4.644	0.031160000000000007	-2.1509675678690825	517
rs77051049	1	1184166	T	G	268	340	0.7882	0.6716	0.9251	8.526	0.0035	-2.913922055845814	608
rs115516254	1	1192181	C	T	180	190	0.9474	0.7727	1.162	0.2703	0.6032	-0.51958079564016	370
rs10907175	1	1195347	C	A	1050	947	1.109	1.016	1.211	5.312	0.02117	2.31521649538531	1997
rs3753350	1	1208816	C	T	463	454	1.02	0.8959999999999999	1.161	0.08832999999999999	0.7663	0.29944375956773905	917
rs3813199	1	1222897	A	G	1095	1008	1.086	0.9972	1.183	3.599	0.05781	1.895576015673116	2103
rs76888271	1	1222977	G	A	1072	996	1.0759999999999998	0.9874	1.173	2.793	0.09467	1.670779061218785	2068
rs12093154	1	1243545	A	G	1106	1072	1.032	0.9486	1.122	0.5308	0.4663	0.732642473879578	2178
rs78446752	1	1248017	T	C	764	716	1.067	0.9636	1.182	1.557	0.2121	1.247011968871455	1480
rs566056983	1	1248062	G	A	1132	1088	1.04	0.9574	1.131	0.8721	0.3504	0.9289210604616712	2220
rs74950664	1	1279880	C	T	305	306	0.9967	0.8506	1.168	0.001637	0.9677	-0.040873030455070854	611
rs77641120	1	1304467	T	C	240	236	1.017	0.8497	1.217	0.03361	0.8545	0.18383199289712737	476
rs307377	1	1334174	T	C	389	361	1.078	0.9338	1.244	1.045	0.3066	1.0251404272484632	750
rs150194697	1	1374025	C	T	194	185	1.0490000000000002	0.8574	1.283	0.2137	0.6439	0.46488209729915875	379
rs2260423	1	1379327	A	G	584	540	1.081	0.9621	1.216	1.722	0.1894	1.3101024050900738	1124
rs4970443	1	1381507	A	G	437	454	0.9626	0.8441	1.098	0.3244	0.569	-0.5687117721522111	891
rs138985554	1	1425750	C	T	811	761	1.0659999999999998	0.9653	1.177	1.59	0.2073	1.2624260199364576	1572
rs35368272	1	1439056	T	C	351	330	1.064	0.9152	1.236	0.6476	0.421	0.8071087995259721	681
rs78727284	1	1442155	A	G	404	398	1.015	0.8839	1.166	0.04489	0.8322	0.21100281615744856	802
rs145313947	1	1490373	C	T	176	154	1.143	0.9206	1.419	1.467	0.2259	1.2106442884190176	330
rs111509968	1	1511010	T	G	220	226	0.9735	0.8085	1.172	0.08072	0.7763	-0.283445074215441	446
rs139049688	1	1514121	A	G	266	280	0.95	0.8032	1.124	0.359	0.5491	-0.5989271637821707	546
rs77661767	1	1575344	T	C	603	605	0.9967	0.8904	1.116	0.003311	0.9541	-0.057445929407068386	1208
rs75816936	1	1754642	A	G	338	344	0.9826	0.8456	1.142	0.05279	0.8183	-0.22912347330952956	682
rs78804397	1	1757786	T	C	187	165	1.133	0.9193	1.3969999999999998	1.375	0.241	1.1709542866587395	352
rs115507312	1	1817973	G	T	214	206	1.039	0.858	1.258	0.1524	0.6963	0.39176175859180995	420
rs114622732	1	1835417	G	A	300	303	0.9901	0.8440000000000001	1.161	0.01493	0.9028	-0.12214385621929795	603
rs4648727	1	1844830	A	C	2972	3060	0.9712	0.9234	1.022	1.284	0.2572	-1.1348703166510252	6032
rs115361377	1	1845638	C	T	235	252	0.9325	0.7807	1.114	0.5934	0.4411	-0.7709263774037982	487
rs7525092	1	1878651	T	C	2352	2442	0.9631	0.9101	1.019	1.69	0.1937	-1.3019176648966664	4794
rs2803316	1	1933859	A	G	3025	3107	0.9736	0.9261	1.024	1.097	0.295	-1.0484015367915331	6132
rs4648597	1	1949922	T	C	581	552	1.053	0.9368	1.183	0.7423	0.3889	0.8656620411160606	1133
rs28548017	1	1955580	A	G	1840	1802	1.021	0.9569	1.09	0.3965	0.5289	0.6282302885091751	3642
rs3820011	1	1956754	A	C	2401	2447	0.9812	0.9275	1.038	0.4365	0.5088	-0.6609177236570716	4848
rs78927713	1	1959595	T	C	555	560	0.9911	0.8813	1.115	0.02242	0.8809999999999999	-0.14922913758517392	1115
rs4648601	1	1968422	T	C	2284	2373	0.9625	0.9088	1.019	1.7009999999999998	0.1922	-1.3049095679194842	4657
rs16824588	1	1968793	C	T	3074	3133	0.9812	0.9335	1.031	0.5608	0.4539	-0.7464335050851483	6207
rs4648746	1	1983048	G	A	2727	2928	0.9314	0.884	0.9812	7.144	0.0075200000000000015	-2.666772435669542	5655
rs6605081	1	1999315	T	C	2476	2532	0.9779	0.9252	1.034	0.6262	0.4288	-0.7906823353467907	5008
rs28550169	1	2008387	T	C	1871	1722	1.087	1.018	1.16	6.1789999999999985	0.01293	2.4931707604028164	3593
rs6656398	1	2010490	G	A	2771	2696	1.028	0.9747	1.084	1.029	0.3104	1.016622855612193	5467
rs13303016	1	2015152	G	A	1707	1821	0.9374	0.8775	1.001	3.684	0.05495	-1.9188031668681473	3528
rs16824627	1	2031194	G	A	1779	1593	1.117	1.044	1.195	10.26	0.00136	3.2087099752720856	3372
rs4454477	1	2068898	A	G	494	545	0.9064	0.8025	1.024	2.503	0.1136	-1.5820941907449317	1039
rs28652946	1	2077249	C	T	1944	1975	0.9843	0.9246	1.048	0.2452	0.6205	-0.4957065377361269	3919
rs78305720	1	2077520	C	A	130	124	1.048	0.8197	1.341	0.1417	0.7066	0.3739994377247386	254
rs13303130	1	2087631	A	G	1451	1341	1.082	1.005	1.165	4.334	0.03736	2.0924180371699577	2792
rs13303198	1	2089466	T	C	1555	1474	1.055	0.9824	1.133	2.166	0.1411	1.4718597437480807	3029
rs61775407	1	2096621	T	C	350	407	0.86	0.7455	0.992	4.292	0.03829	-2.0689987625484068	757
rs4648808	1	2109497	T	C	1365	1358	1.005	0.9324	1.084	0.01799	0.8933	0.13037426362636673	2723
rs3107146	1	2116145	T	C	1219	1200	1.016	0.938	1.1	0.1492	0.6993	0.3894877166764042	2419
rs11589827	1	2124417	G	A	1301	1309	0.9939	0.9205	1.073	0.02452	0.8756	-0.15631748859424657	2610
rs12744596	1	2136269	A	G	430	466	0.9227	0.8094	1.052	1.446	0.2291	-1.2035958623933782	896
rs425277	1	2137733	T	C	2534	2453	1.033	0.9772	1.092	1.3159999999999998	0.2514	1.1459463002458572	4987
rs424079	1	2139901	C	A	2955	2828	1.045	0.9924	1.1	2.789	0.09491	1.670472862322374	5783
rs385039	1	2145970	G	A	2533	2451	1.033	0.9776	1.092	1.349	0.2454	1.1544543085018286	4984
rs34944978	1	2151390	A	G	1099	1045	1.052	0.9663	1.145	1.36	0.2435	1.1692805751295612	2144
rs75515273	1	2160323	T	C	220	221	0.9955	0.826	1.2	0.002268	0.962	-0.047360772360988346	441
rs115113197	1	2161685	A	G	176	219	0.8037	0.659	0.98	4.681	0.0305	-2.157742057147029	395
rs61776610	1	2167073	A	G	459	463	0.9914	0.8713	1.128	0.01735	0.8952	-0.13109789687731763	922
rs11587831	1	2179409	G	T	2119	2102	1.008	0.9491	1.071	0.06847	0.7936	0.2593887873204073	4221
rs115111747	1	2208477	T	C	229	242	0.9463	0.7899	1.134	0.3588	0.5492	-0.5988457033302972	471
rs72637878	1	2211057	T	C	268	267	1.004	0.8473	1.189	0.001869	0.9655	0.04610906637961613	535
rs262680	1	2235710	T	C	3076	2969	1.036	0.9851	1.09	1.894	0.1688	1.3759550353725547	6045
rs867635	1	2237165	T	C	1116	1095	1.019	0.9377	1.108	0.1995	0.6552	0.4436799154551751	2211
rs114462818	1	2253316	T	C	232	264	0.8788	0.7367	1.048	2.065	0.1508	-1.4357232100227921	496
rs77797313	1	2254676	A	G	468	474	0.9873	0.8690000000000001	1.122	0.03822	0.845	-0.19628029877160003	942
rs10910045	1	2274088	A	G	2803	2924	0.9586	0.9102	1.01	2.556	0.1098	-1.5995421497683615	5727
rs12047069	1	2274109	A	C	2820	3015	0.9353	0.8885	0.9846	6.517	0.01069	-2.5539355890205457	5835
rs12045693	1	2274142	A	C	3063	2967	1.032	0.9815	1.086	1.528	0.2164	1.230516437685893	6030
rs3795275	1	2278341	A	G	352	361	0.9751	0.8419	1.129	0.1136	0.7361	-0.33648077546488	713
rs4648821	1	2284929	G	T	3087	3000	1.029	0.9786	1.082	1.243	0.2648	1.1157245434928988	6087
rs6689315	1	2284952	G	A	2553	2626	0.9722	0.9207	1.027	1.029	0.3104	-1.015294257405503	5179
rs59476564	1	2286690	C	T	1149	1197	0.9599	0.8853	1.041	0.9821	0.3217	-0.9915051470965576	2346
rs2017143	1	2289210	T	C	3180	3077	1.033	0.9835	1.086	1.696	0.1929	1.2959151064588221	6257
rs884940	1	2292427	T	C	2962	3074	0.9636	0.9161	1.013	2.0780000000000003	0.1494	-1.4376615195158176	6036
rs12024136	1	2293973	C	T	1638	1578	1.038	0.9687	1.112	1.119	0.29	1.0579430816062625	3216
rs1496555	1	2302812	A	G	1464	1504	0.9734	0.9058	1.046	0.5391	0.4628	-0.7341549984298694	2968
rs2843157	1	2308944	T	C	1382	1353	1.021	0.9477	1.101	0.3075	0.5792	0.5467634133147806	2735
rs12082516	1	2319721	C	T	2285	2345	0.9744	0.9199	1.032	0.7775	0.3779	-0.8831157276958556	4630
rs2645065	1	2329783	A	C	1653	1596	1.036	0.9669	1.109	1.0	0.3173	1.0042339248274377	3249
rs78615410	1	2334519	T	C	387	367	1.054	0.9142	1.216	0.5305	0.4664	0.7244018828666362	754
rs56298931	1	2338731	G	A	451	446	1.011	0.8872	1.153	0.02787	0.8674	0.1641517175014946	897
rs12730050	1	2341705	A	G	3105	3056	1.016	0.9665	1.068	0.3897	0.5325	0.6228914471299556	6161
rs2055204	1	2349222	G	A	3004	3100	0.969	0.9216	1.019	1.51	0.2192	-1.23066040494145	6104
rs7527871	1	2350287	C	A	1845	1824	1.012	0.9481	1.079	0.1202	0.7288	0.3584577186277826	3669
rs4648831	1	2351678	T	C	1836	1766	1.04	0.9739	1.11	1.36	0.2435	1.1706362806658537	3602
rs2279703	1	2375256	T	C	2995	3019	0.9921	0.9432	1.043	0.09578	0.757	-0.3075539377540988	6014
rs12070746	1	2376590	A	G	906	889	1.019	0.9291	1.118	0.161	0.6882	0.399419398691618	1795
rs61760819	1	2379954	G	A	2243	2130	1.053	0.9924	1.117	2.92	0.08749	1.7077252738026063	4373
rs2643908	1	2380956	C	T	1939	1901	1.02	0.9575	1.087	0.376	0.5397	0.6138195187041847	3840
rs115217673	1	2383593	A	G	194	204	0.951	0.7813	1.158	0.2513	0.6162	-0.5009938825280478	398
rs3001344	1	2398369	A	G	952	946	1.006	0.9197	1.101	0.01897	0.8905	0.1307267691005843	1898
rs6693447	1	2398751	G	T	3070	3020	1.017	0.9668	1.069	0.4105	0.5217	0.6526958068615019	6090
rs2494427	1	2407130	T	C	1403	1336	1.05	0.9743	1.132	1.639	0.2005	1.2780115650376926	2739
rs58827215	1	2407219	A	G	253	218	1.161	0.9683	1.391	2.6010000000000004	0.1068	1.6121220798931233	471
rs2494429	1	2407956	A	G	2003	2024	0.9896	0.9303	1.053	0.1095	0.7407	-0.33159910154660605	4027
rs61760854	1	2409621	T	C	2073	1999	1.037	0.9752	1.103	1.345	0.2462	1.158939052159498	4072
rs80045357	1	2417544	A	G	424	401	1.057	0.9224	1.212	0.6412	0.4233	0.7976742848059757	825
rs3935659	1	2420260	C	T	2676	2816	0.9503	0.9013	1.002	3.569	0.05887000000000001	-1.8873600361963303	5492
rs12731309	1	2420707	T	C	1979	1916	1.033	0.97	1.1	1.019	0.3128	1.0112718203185753	3895
rs75884450	1	2421677	C	T	260	241	1.079	0.9054	1.285	0.7206	0.396	0.8495828384296387	501
rs67532508	1	2423961	G	A	1567	1421	1.103	1.026	1.185	7.134	0.007564	2.655199239009558	2988
rs114573763	1	2425928	T	C	291	276	1.054	0.8943	1.243	0.3968	0.5287	0.6273716501370041	567
rs2494639	1	2437336	C	T	3025	2990	1.012	0.9618	1.064	0.2037	0.6518	0.4595367530096189	6015
rs2494425	1	2441419	T	C	2884	2959	0.9747	0.9259	1.026	0.9627	0.3265	-0.9778554683365029	5843
rs12563838	1	2442681	T	C	2543	2455	1.036	0.98	1.095	1.5490000000000002	0.2132	1.2474318444362051	4998
rs4648845	1	2455662	C	T	3014	3062	0.9843	0.936	1.035	0.3792	0.5379999999999999	-0.6164357197879112	6076
rs4648846	1	2457713	A	G	2712	2612	1.038	0.984	1.096	1.878	0.1705	1.36826410939013	5324
rs115810747	1	2481727	G	A	406	442	0.9186	0.8028	1.051	1.528	0.2164	-1.2350190545621176	848
rs114856389	1	2484106	T	C	253	262	0.9656	0.8124	1.148	0.1573	0.6917	-0.3971535598767641	515
rs10910082	1	2487496	C	T	2953	2898	1.019	0.9681	1.073	0.517	0.4721	0.7199346928452635	5851
rs114371513	1	2504299	A	G	372	384	0.9688	0.84	1.117	0.1905	0.6625	-0.4354962931319336	756
rs76591030	1	2513514	T	C	178	183	0.9727	0.7913	1.196	0.06925	0.7924	-0.26285047142705437	361
rs116387284	1	2518485	A	G	370	379	0.9763	0.846	1.127	0.1081	0.7423	-0.32817541584802257	749
rs2494625	1	2523270	T	C	2353	2443	0.9632	0.9101	1.019	1.689	0.1937	-1.2959453111071475	4796
rs1980789	1	2524424	C	A	588	573	1.026	0.9147	1.151	0.1938	0.6598	0.4381272249395319	1161
rs11584295	1	2533890	A	G	3134	3138	0.9987	0.9505	1.0490000000000002	0.0025510000000000003	0.9597	-0.05154335608295909	6272
rs2985861	1	2534938	T	C	377	374	1.008	0.8737	1.163	0.01198	0.9128	0.1092244755578599	751
rs2234167	1	2562891	A	G	1411	1504	0.9382	0.8724	1.009	2.967	0.08498	-1.7194855121282726	2915
rs10797432	1	2569899	T	C	3098	3217	0.963	0.9167	1.012	2.242	0.1343	-1.499714640410947	6315
rs734999	1	2581777	T	C	3082	3208	0.9607	0.9144	1.009	2.524	0.1121	-1.5909290066744404	6290
rs3748816	1	2595307	G	A	2862	2919	0.9805	0.9312	1.032	0.562	0.4535	-0.7481805051154242	5781
rs112057155	1	2598113	A	G	411	413	0.9952	0.8681	1.141	0.004854	0.9445	-0.06901984867847458	824
rs78808250	1	2613649	T	C	170	176	0.9659	0.7823	1.193	0.104	0.747	-0.32255712125354263	346
rs11590198	1	2620461	A	G	2021	2022	0.9995	0.9397	1.063	0.00024730000000000005	0.9875	-0.015888700329640557	4043
rs117565304	1	2644094	T	G	218	215	1.014	0.8399	1.224	0.02079	0.8854	0.14465637124159142	433
rs115187098	1	2651833	T	C	382	360	1.061	0.9188	1.225	0.6523	0.4193	0.8065067359796121	742
rs114858168	1	2788133	T	C	313	328	0.9543	0.8174	1.114	0.35100000000000003	0.5535	-0.5920799602757734	641
rs4648356	1	2792599	A	C	2772	2793	0.9925	0.9417	1.046	0.07925	0.7783	-0.2808399153719734	5565
rs2377041	1	2796762	T	C	3164	3046	1.039	0.9883	1.092	2.242	0.1343	1.4989112465534125	6210
rs60513129	1	2812686	T	C	321	314	1.022	0.875	1.194	0.07717	0.7812	0.2746585850015112	635
rs116344153	1	2827672	A	G	173	157	1.102	0.8878	1.368	0.7758	0.3784	0.8807824508187931	330
rs7511879	1	2835700	G	A	3225	3063	1.053	1.002	1.106	4.174	0.04106	2.038881398681266	6288
rs10797390	1	2836128	C	T	3165	3050	1.038	0.9874	1.091	2.128	0.1446	1.462701600768535	6215
rs4648384	1	2840056	C	A	3059	3232	0.9465	0.9008	0.9944	4.757	0.02917	-2.17769699233024	6291
rs12739189	1	2840972	C	T	3073	3225	0.9529	0.9069	1.001	3.668	0.05545	-1.9111775141389002	6298
rs114996183	1	2841110	T	C	314	315	0.9968	0.8526	1.165	0.00159	0.9682	-0.04020268132644646	629
rs115374664	1	2848196	T	C	475	491	0.9674	0.8528	1.097	0.265	0.6067	-0.5152054125170242	966
rs897619	1	2860212	C	T	3067	3185	0.963	0.9164	1.012	2.227	0.1356	-1.4898179949317942	6252
rs10909992	1	2862201	C	T	3076	2963	1.038	0.9871	1.092	2.114	0.1459	1.4538615029973094	6039
rs12409348	1	2862478	T	C	3022	2873	1.052	0.9995	1.107	3.766	0.0523	1.9408520598812364	5895
rs897636	1	2867527	G	A	2973	3157	0.9417	0.8957	0.9901	5.523	0.01877	-2.35086762751042	6130
rs10797342	1	2881291	C	T	3150	3013	1.045	0.9945	1.099	3.045	0.08096	1.7417625025815373	6163
rs2842910	1	2900856	C	T	1885	1976	0.9539	0.8956	1.016	2.145	0.1431	-1.466821085906348	3861
rs7340016	1	2916767	G	A	2179	2151	1.013	0.9544	1.075	0.1811	0.6705	0.42484279384104223	4330
rs2606410	1	2919534	T	C	1982	1993	0.9945	0.9345	1.058	0.03044	0.8615	-0.17371074535139744	3975
rs55855166	1	2920879	A	G	1425	1434	0.9937	0.9235	1.069	0.02833	0.8663	-0.16907304062792092	2859
rs34512080	1	2925918	T	C	2454	2535	0.968	0.9158	1.023	1.315	0.2515	-1.1499324536775013	4989
rs10797368	1	2936142	T	C	363	310	1.171	1.006	1.3630000000000002	4.174	0.04105	2.0372002126022157	673
rs16823228	1	2937194	G	A	2819	2914	0.9674	0.9186	1.019	1.574	0.2096	-1.2550056292803642	5733
rs2925499	1	2944366	C	T	3062	2966	1.032	0.9815	1.086	1.529	0.2163	1.230516437685893	6028
rs7539511	1	2945755	T	G	2718	2825	0.9621	0.9128	1.014	2.065	0.1507	-1.4396576618255408	5543
rs10909845	1	2959960	T	C	2522	2651	0.9513	0.9009	1.005	3.217	0.07288	-1.7976341302161094	5173
rs114940840	1	2961976	T	C	148	165	0.897	0.7185	1.12	0.9233	0.3366	-0.9601636255171773	313
rs56877975	1	2978346	G	A	1319	1363	0.9677	0.8972	1.044	0.7218	0.3955	-0.8507425183415728	2682
rs6681741	1	2982396	T	C	1404	1402	1.001	0.93	1.078	0.001426	0.9699	0.026627912317318272	2806
rs1572657	1	2985564	C	T	1902	1859	1.023	0.9598	1.091	0.4916	0.4832	0.6989102824654753	3761
rs12022429	1	3003378	A	G	1410	1401	1.006	0.9347	1.084	0.02882	0.8652	0.15949646038584198	2811
rs6685625	1	3011060	C	T	584	620	0.9419	0.8413	1.055	1.0759999999999998	0.2995	-1.038665422945852	1204
rs116142632	1	3018468	T	G	268	233	1.15	0.965	1.371	2.445	0.1179	1.5618608898129689	501
rs2142569	1	3027963	A	G	2837	2733	1.038	0.9849	1.094	1.942	0.1635	1.3920855998939663	5570
rs717795	1	3053900	C	T	2065	2026	1.019	0.9587	1.084	0.3718	0.542	0.6047761311600823	4091
rs76425763	1	3058764	A	G	526	497	1.058	0.9362	1.196	0.8221	0.3646	0.9035126374763314	1023
rs2993486	1	3077074	G	A	1433	1446	0.991	0.9212	1.0659999999999998	0.0587	0.8086	-0.24261361540858536	2879
rs2788094	1	3081458	T	C	1369	1378	0.9935	0.9219	1.071	0.02949	0.8637	-0.17088296750521945	2747
rs2742687	1	3082068	A	G	1888	1826	1.034	0.9695	1.103	1.035	0.309	1.0174287852309496	3714
rs6695131	1	3084360	T	C	3003	3064	0.9801	0.932	1.031	0.6133	0.4335	-0.7829076532919983	6067
rs11801109	1	3086968	A	G	1873	1758	1.065	0.9983	1.137	3.642	0.05633	1.908438018122169	3631
rs926244	1	3089719	G	A	2662	2552	1.043	0.988	1.101	2.321	0.1277	1.5232154678010807	5214
rs2817168	1	3097126	G	A	3085	3077	1.003	0.9538	1.054	0.01039	0.9188	0.11673107812319224	6162
rs2993493	1	3103682	A	C	1614	1616	0.9988	0.9322	1.07	0.0012380000000000002	0.9719	-0.034103879026421986	3230
rs1890336	1	3107701	C	A	3048	3006	1.014	0.9642	1.0659999999999998	0.2914	0.5893	0.5411039708112204	6054
rs2993503	1	3112423	G	A	3095	3056	1.013	0.9634	1.065	0.2473	0.619	0.5042706074804323	6151
rs2072733	1	3112517	T	C	1021	1090	0.9367	0.8601	1.02	2.255	0.1332	-1.5023108736631532	2111
rs115737143	1	3114343	T	C	248	273	0.9084	0.7649	1.079	1.2	0.2734	-1.095140415369263	521
rs2651909	1	3145091	A	G	252	259	0.973	0.8181	1.157	0.09589	0.7568	-0.3093869623966453	511
rs16823409	1	3156392	T	C	465	460	1.011	0.8886	1.15	0.02703	0.8694	0.16615738125773935	925
rs2651902	1	3157742	T	C	1853	2001	0.926	0.8693	0.9864	5.683	0.017130000000000003	-2.3848159261530015	3854
rs79063099	1	3162165	G	A	462	452	1.022	0.8978	1.164	0.1094	0.7408	0.32918659244137227	914
rs79135020	1	3163934	T	C	626	610	1.026	0.9179	1.147	0.2071	0.649	0.4518702685347838	1236
rs2651899	1	3167148	C	T	3139	3085	1.018	0.9682	1.069	0.4685	0.4937	0.6971424613786564	6224
rs2651935	1	3169932	T	C	1632	1678	0.9726	0.9085	1.041	0.6393	0.424	-0.7986954544113504	3310
rs34503920	1	3172638	T	C	607	687	0.8836	0.7922	0.9855	4.9460000000000015	0.02615	-2.2213598320585244	1294
rs71634325	1	3172986	T	C	598	675	0.8859	0.7936	0.989	4.658	0.03092	-2.158213023261559	1273
rs114054273	1	3173790	A	G	627	693	0.9048	0.8121	1.008	3.3	0.06928	-1.8140462290253838	1320
rs61759167	1	3175023	T	C	2315	2160	1.072	1.011	1.136	5.369	0.0205	2.3259959307731037	4475
rs61759178	1	3181925	C	T	2318	2147	1.08	1.018	1.145	6.549	0.01049	2.5514339537650046	4465
rs72846849	1	3183071	T	C	524	510	1.027	0.9095	1.161	0.1896	0.6633	0.429771473359799	1034
rs2651927	1	3185198	C	A	2446	2351	1.04	0.9831	1.101	1.881	0.1702	1.3662560365941423	4797
rs10752733	1	3188066	A	G	1477	1627	0.9078	0.8461	0.9741	7.249	0.0070950000000000015	-2.693599461987765	3104
rs116525159	1	3188408	A	G	550	574	0.9582	0.8524	1.077	0.5125	0.4741	-0.7152915588234832	1124
rs67620903	1	3194555	A	C	1798	1672	1.075	1.006	1.149	4.575	0.03244	2.1367426848430138	3470
rs10909892	1	3195714	A	G	1223	1124	1.088	1.003	1.18	4.176	0.041	2.0321759351800086	2347
rs58819932	1	3202554	A	G	1238	1129	1.097	1.012	1.189	5.019	0.02506	2.249892398481736	2367
rs7521987	1	3207516	G	A	1421	1316	1.08	1.002	1.164	4.0280000000000005	0.04475	2.0122402146255833	2737
rs16823558	1	3228262	G	A	403	349	1.155	1.001	1.3330000000000002	3.878	0.04893	1.9736897910802162	752
rs11589327	1	3251610	T	C	760	842	0.9026	0.8183	0.9956	4.197	0.04049	-2.0484608773683526	1602
rs72632125	1	3262152	T	C	523	556	0.9406	0.8348	1.06	1.009	0.3151	-1.0058606964209673	1079
rs2455107	1	3263594	G	T	2117	2129	0.9944	0.9363	1.056	0.03391	0.8539	-0.1828270669558309	4246
rs55866132	1	3291216	A	G	499	557	0.8959	0.7939	1.011	3.1860000000000004	0.07429	-1.7825233604015907	1056
rs12757342	1	3292266	G	T	735	803	0.9153	0.8282	1.012	3.007	0.08292999999999999	-1.7347150234433293	1538
rs4648468	1	3294386	A	G	2025	2027	0.999	0.9393	1.062	0.0009872	0.9749	-0.031823840582814886	4052
rs2455144	1	3298168	A	G	3084	3019	1.022	0.9715	1.074	0.6923	0.4054	0.8416793569619728	6103
rs2455137	1	3300587	C	T	3141	3046	1.031	0.9811	1.084	1.459	0.2271	1.2061505720630727	6187
rs2455135	1	3303337	A	G	2398	2317	1.035	0.9775	1.096	1.392	0.2381	1.1796477864969406	4715
rs6687835	1	3320610	T	C	2861	2702	1.0590000000000002	1.005	1.116	4.544	0.03302	2.1467795877130436	5563
rs57675406	1	3324552	A	G	665	705	0.9433	0.8484	1.0490000000000002	1.168	0.2798	-1.078984041255	1370
rs10909930	1	3326453	T	G	1705	1632	1.045	0.9762	1.118	1.597	0.2063	1.2667718902531118	3337
rs115643284	1	3330579	A	G	214	207	1.034	0.8540000000000001	1.251	0.1164	0.733	0.3426359473779061	421
rs2483278	1	3335540	C	T	2669	2697	0.9896	0.9381	1.044	0.1461	0.7023	-0.38340383878256606	5366
rs6686156	1	3342465	C	T	1017	959	1.06	0.9709	1.158	1.702	0.192	1.3007532510093023	1976
rs4648379	1	3344952	T	C	2576	2547	1.011	0.9575	1.068	0.1642	0.6854	0.3943807332683879	5123
rs4415513	1	3345118	C	T	3041	2989	1.017	0.9673	1.07	0.4484	0.5031	0.6594311854958307	6030
rs7524171	1	3362760	A	G	3074	3090	0.9948	0.9464	1.046	0.04153	0.8385	-0.20487829061901108	6164
rs6658356	1	3363689	A	G	788	863	0.9131	0.8290000000000001	1.006	3.407	0.06492	-1.844066209353816	1651
rs4648487	1	3368740	C	T	2964	3060	0.9686	0.9209	1.019	1.53	0.2161	-1.2382299559680254	6024
rs114079022	1	3370699	A	C	149	133	1.12	0.8867	1.415	0.9078	0.3407	0.9509668244063384	282
rs2493309	1	3380387	T	C	2840	2900	0.9793	0.9299	1.031	0.6272	0.4284	-0.7920601341896911	5740
rs868688	1	3384243	C	T	3105	3132	0.9914	0.9434	1.042	0.1169	0.7324	-0.3411178440403565	6237
rs117381898	1	3385022	A	G	173	177	0.9774	0.7926	1.205	0.04571	0.8307	-0.21378372397270173	350
rs2245703	1	3386882	C	T	3073	3055	1.006	0.9568	1.058	0.052870000000000014	0.8181	0.2338286120894324	6128
rs2493278	1	3391182	T	C	2275	2268	1.003	0.9464	1.063	0.01079	0.9173	0.10107858410915657	4543
rs2493268	1	3391934	C	T	3056	3053	1.001	0.952	1.052	0.001473	0.9694	0.039032289792038814	6109
rs7535965	1	3396718	A	G	2802	2732	1.026	0.973	1.081	0.8854	0.3467	0.9485253714528478	5534
rs11577526	1	3401871	A	G	2890	2914	0.9918	0.942	1.044	0.09924	0.7527	-0.3132656876950859	5804
rs2493292	1	3412095	T	C	1571	1513	1.038	0.9676	1.114	1.091	0.2963	1.0408281335014806	3084
rs72851311	1	3413826	T	C	2051	2071	0.9903	0.9317	1.053	0.09704	0.7554	-0.3132087189419695	4122
rs11578951	1	3414183	A	G	325	296	1.098	0.938	1.285	1.354	0.2445	1.1634673441320096	621
rs2493285	1	3417031	A	G	1221	1190	1.026	0.9473	1.111	0.3986	0.5278	0.630379065233597	2411
rs2493284	1	3420592	A	G	1120	1123	0.9973	0.9181	1.083	0.004012	0.9495	-0.0640417815719528	2243
rs11579873	1	3421072	A	G	1028	996	1.032	0.946	1.126	0.5059	0.4769	0.7095323574033905	2024
rs867814	1	3445692	C	T	1773	1819	0.9747	0.913	1.041	0.5891	0.4428	-0.7680549898458499	3592
rs11808779	1	3447923	T	C	472	454	1.04	0.914	1.183	0.3499	0.5542	0.5952406006725816	926
rs3806164	1	3463493	A	G	479	488	0.9816	0.8653	1.113	0.08376	0.7723	-0.28864167032846516	967
rs115919274	1	3488254	A	G	379	348	1.089	0.9416	1.26	1.3219999999999998	0.2503	1.1490342193453478	727
rs56175625	1	3495690	A	G	311	273	1.139	0.9683	1.34	2.4730000000000003	0.1158	1.5711323373477561	584
rs61742846	1	3500647	A	G	402	366	1.098	0.9533	1.265	1.6880000000000002	0.1939	1.2966763000586525	768
rs947344	1	3506903	T	C	1704	1607	1.06	0.9905	1.135	2.842	0.09184	1.6841141855230577	3311
rs947345	1	3507824	A	G	640	572	1.119	0.9996	1.252	3.815	0.05079	1.9530504426635271	1212
rs115852179	1	3525138	T	C	308	282	1.092	0.9293	1.284	1.146	0.2844	1.0692150465140293	590
rs7525042	1	3562771	G	T	2662	2839	0.9377	0.8894	0.9886	5.695	0.01701	-2.384082516114304	5501
rs947354	1	3570562	T	C	1273	1351	0.9423	0.8728	1.017	2.319	0.1278	-1.5203611188023962	2624
rs4648527	1	3591297	G	A	1187	1171	1.014	0.935	1.099	0.1086	0.7418	0.3359528809692813	2358
rs56770023	1	3601923	C	T	3028	3004	1.008	0.9584	1.06	0.09549	0.7573	0.30951571655246257	6032
rs7522507	1	3618244	G	A	2055	2030	1.012	0.9521	1.0759999999999998	0.153	0.6957	0.3831921157705038	4085
rs115139039	1	3622896	T	C	250	225	1.111	0.928	1.33	1.3159999999999998	0.2513	1.1462715336875418	475
rs3765689	1	3642918	G	A	616	622	0.9904	0.8859	1.107	0.02908	0.8646	-0.16956126431502938	1238
rs6697769	1	3654319	T	C	2980	3119	0.9554	0.9086	1.005	3.168	0.0751	-1.7804895187025949	6099
rs2368544	1	3658192	C	T	1771	1682	1.053	0.9849	1.126	2.294	0.1299	1.5139569381657918	3453
rs10910004	1	3659633	C	T	1724	1780	0.9685	0.9065	1.035	0.895	0.3441	-0.948242683324289	3504
rs4648545	1	3660757	A	G	2070	1989	1.041	0.9786	1.107	1.616	0.2036	1.2740834328581006	4059
rs3765695	1	3670813	A	C	1732	1693	1.023	0.9568	1.094	0.4441	0.5052	0.6662053731926587	3425
rs3765703	1	3675872	G	T	3085	3028	1.019	0.969	1.071	0.5315	0.466	0.733231224713863	6113
rs3765736	1	3700037	T	C	2839	2926	0.9703	0.9214	1.022	1.3130000000000002	0.2519	-1.1427722964719766	5765
rs3765754	1	3708984	C	T	2819	2732	1.032	0.979	1.088	1.364	0.2429	1.1709918445329115	5551
rs6688320	1	3714066	G	T	423	429	0.986	0.8621	1.128	0.04225	0.8371	-0.20578527039972902	852
rs3765769	1	3719066	C	T	421	443	0.9503	0.8317	1.086	0.5602	0.4542	-0.7495241271708849	864
rs6695978	1	3731781	A	G	532	565	0.9416	0.8365	1.06	0.9927	0.3191	-0.9965224813274394	1097
rs12562437	1	3734467	T	C	453	482	0.9398	0.8267	1.068	0.8995	0.3429	-0.9490555932713263	935
rs12117836	1	3741195	A	G	2849	2884	0.9879	0.938	1.04	0.2137	0.6439	-0.4603501047750301	5733
rs1181883	1	3761369	C	T	2960	3019	0.9805	0.932	1.031	0.5822	0.4454	-0.7608454559028357	5979
rs1181880	1	3762340	T	C	1183	1242	0.9525	0.8796	1.031	1.435	0.2309	-1.1979442973412513	2425
rs2275837	1	3769754	A	G	274	258	1.062	0.8959999999999999	1.259	0.4812	0.4879	0.6936666992828946	532
rs1175549	1	3775163	C	A	2260	2193	1.031	0.9718	1.093	1.008	0.3154	1.0118844375815708	4453
rs11547616	1	3780361	T	C	130	157	0.828	0.6563	1.045	2.54	0.111	-1.5918342512082282	287
rs11547615	1	3781099	T	C	286	307	0.9316	0.7929999999999999	1.094	0.7437	0.3885	-0.862112860403381	593
rs60946587	1	3789324	G	A	284	267	1.064	0.9	1.257	0.5245	0.4689	0.7263580614857811	551
rs12759497	1	3825693	T	C	1422	1463	0.972	0.9036	1.046	0.5827	0.4453	-0.7628301731926312	2885
rs6688969	1	3826827	T	C	2702	2676	1.01	0.9572	1.065	0.1257	0.7229	0.36322344226817366	5378
rs61768915	1	3832551	C	T	3045	2933	1.038	0.9869	1.092	2.0980000000000003	0.1475	1.448025757446227	5978
rs78110949	1	3853196	A	G	189	175	1.08	0.8793	1.327	0.5385	0.4631	0.7337103255011707	364
rs34108662	1	3873768	C	T	1419	1460	0.9719	0.9034	1.046	0.5839	0.4448	-0.7643527296383349	2879
rs36081432	1	3875746	T	C	854	870	0.9816	0.8932	1.079	0.1485	0.7	-0.38570111912109173	1724
rs3205087	1	3883678	G	A	3141	3124	1.005	0.9569	1.056	0.04613	0.8299	0.19932297062027501	6265
rs7367066	1	3887191	T	C	2676	2721	0.9835	0.9324	1.037	0.3752	0.5402	-0.6111766487302861	5397
rs7530189	1	3888534	T	C	1717	1700	1.01	0.9445	1.08	0.08457999999999999	0.7712	0.2908675749428793	3417
rs28973022	1	3906831	T	C	2573	2576	0.9988	0.9457	1.055	0.001748	0.9667	-0.04307977902476831	5149
rs76419011	1	3907240	T	C	1519	1517	1.001	0.9326	1.075	0.001318	0.971	0.02767822941557978	3036
rs35383955	1	3908961	T	C	2906	2905	1.0	0.9502	1.053	0.00017209999999999998	0.9895	0.0	5811
rs80294302	1	3919403	A	G	1886	1854	1.017	0.9541	1.085	0.2738	0.6008	0.5175113857334244	3740
rs36109325	1	3921836	T	C	1648	1614	1.021	0.9533	1.094	0.3544	0.5516	0.593716135997911	3262
rs72640993	1	3943968	T	C	1622	1733	0.9359	0.8747	1.002	3.672	0.05532	-1.919975059751483	3355
rs57415555	1	3945480	T	C	2307	2216	1.041	0.9821	1.104	1.831	0.17600000000000002	1.352180465257599	4523
rs7524279	1	3945633	A	G	2286	2225	1.027	0.9692	1.089	0.8249	0.3638	0.9014602327922743	4511
rs10799181	1	3949011	C	T	1791	1721	1.041	0.9741	1.112	1.395	0.2375	1.1856764692807706	3512
rs10753366	1	3953542	A	C	2316	2284	1.014	0.9571	1.074	0.2226	0.6371	0.47185368380585013	4600
rs7522140	1	3957077	C	T	2574	2543	1.012	0.9582	1.069	0.1878	0.6647	0.4279909134380967	5117
rs12028397	1	3977605	T	C	3015	3046	0.9898	0.9412	1.041	0.1586	0.6905	-0.3991212946186296	6061
rs9426500	1	3994912	C	A	1816	1841	0.9864	0.9245	1.052	0.1709	0.6793	-0.4141239977085642	3657
rs12135298	1	3997428	A	G	1564	1501	1.042	0.9707	1.118	1.295	0.2551	1.1376760744443872	3065
rs4128222	1	4006721	A	C	1418	1513	0.9372	0.8717	1.008	3.079	0.0793	-1.7545946568749775	2931
rs68085961	1	4006896	A	G	2551	2646	0.9641	0.9131	1.018	1.737	0.1876	-1.3184655264892995	5197
rs6675979	1	4007992	A	G	3020	3149	0.959	0.9123	1.008	2.698	0.1005	-1.643634574432451	6169
rs72852529	1	4016313	G	A	1572	1624	0.968	0.9031	1.037	0.8461	0.3577	-0.9185383257601769	3196
rs4129100	1	4018388	A	G	3009	3124	0.9632	0.9162	1.013	2.156	0.142	-1.4689973856069392	6133
rs12036953	1	4044697	G	A	1980	1982	0.999	0.9387	1.063	0.00101	0.9747	-0.031497224742625576	3962
rs5018350	1	4045361	C	A	1464	1527	0.9587	0.8924	1.03	1.327	0.2493	-1.1535412120259336	2991
rs12031502	1	4048701	T	G	2335	2403	0.9717	0.9179	1.029	0.9759	0.3232	-0.9878743481578249	4738
rs10799171	1	4055516	T	C	903	922	0.9794	0.8935	1.074	0.1978	0.6565	-0.4444490996588922	1825
rs4233258	1	4060838	T	C	2921	3038	0.9615	0.9139	1.012	2.297	0.1296	-1.5155767800885513	5959
rs7524800	1	4061524	G	A	2512	2617	0.9599	0.9087	1.014	2.15	0.1426	-1.463405916833864	5129
rs16840701	1	4069206	C	A	1508	1453	1.038	0.9657	1.115	1.022	0.3121	1.012492082661288	2961
rs4639725	1	4079871	C	T	1688	1703	0.9912	0.9267	1.06	0.06635	0.7967	-0.2574714748511117	3391
rs10915421	1	4085555	C	T	2215	2200	1.007	0.9491	1.068	0.050960000000000005	0.8214	0.2308841427652746	4415
rs10915422	1	4085815	A	C	1159	1158	1.001	0.9226	1.086	0.0004316	0.9834	0.02401967233642339	2317
rs115530964	1	4091061	G	A	618	642	0.9626	0.862	1.075	0.4571	0.499	-0.676826719027001	1260
rs4548406	1	4091691	T	C	1793	1797	0.9978	0.9346	1.065	0.004457	0.9468	-0.06597083036585856	3590
rs10915428	1	4098895	G	T	2928	2976	0.9839	0.9349	1.035	0.3902	0.5322	-0.6227459361463518	5904
rs77591952	1	4102503	G	A	402	402	1.0	0.8709	1.148	0.0	1.0	0.0	804
rs12073797	1	4105138	A	G	237	252	0.9405	0.7876	1.123	0.4601	0.4976	-0.6776723760523881	489
rs74049021	1	4105963	A	C	275	305	0.9016	0.7659999999999999	1.061	1.5519999999999998	0.2129	-1.2456393850440601	580
rs78714318	1	4108637	T	G	669	636	1.052	0.9437	1.172	0.8345	0.361	0.9145658701516197	1305
rs12077262	1	4109988	T	C	1910	2005	0.9526	0.8948	1.014	2.305	0.1289	-1.5205397936127572	3915
rs10492944	1	4111726	T	C	671	630	1.065	0.9553	1.187	1.2919999999999998	0.2557	1.1354675754094412	1301
rs16840790	1	4113446	C	T	250	265	0.9434	0.7937	1.121	0.4369	0.5086	-0.6609331965989249	515
rs78557694	1	4117682	G	A	401	382	1.05	0.9125	1.208	0.461	0.4971	0.6813231834981045	783
rs76524407	1	4118572	T	C	411	394	1.043	0.9085	1.198	0.359	0.5491	0.5976920781884003	805
rs12566219	1	4120779	A	G	886	837	1.0590000000000002	0.9631	1.163	1.393	0.2378	1.183664820089337	1723
rs12040805	1	4120782	T	C	2851	2940	0.9697	0.921	1.021	1.368	0.2422	-1.1703896309738975	5791
rs10915437	1	4122946	G	A	2788	2895	0.963	0.9142	1.014	2.015	0.1558	-1.4209598195893134	5683
rs114008086	1	4129166	T	C	473	516	0.9167	0.8091	1.038	1.87	0.1715	-1.365321998188771	989
rs55916310	1	4130107	A	G	460	493	0.9331	0.8217	1.0590000000000002	1.143	0.2851	-1.0674789975309853	953
rs74410087	1	4132337	A	G	339	330	1.027	0.8828	1.195	0.1211	0.7279	0.34513344406507634	669
rs6702633	1	4136975	A	G	2994	3113	0.9618	0.9147	1.011	2.319	0.1278	-1.5203936093230814	6107
rs57352098	1	4139112	A	G	457	471	0.9703	0.8531	1.104	0.2112	0.6458	-0.45905873148959386	928
rs75359796	1	4140429	G	A	502	529	0.949	0.8399	1.072	0.7071	0.4004	-0.8401088539042658	1031
rs6683453	1	4150342	G	A	3036	3065	0.9905	0.9421	1.042	0.1378	0.7104	-0.3734449444325668	6101
rs16840866	1	4152433	A	G	1894	1862	1.017	0.9542	1.084	0.2726	0.6016	0.5183623225373327	3756
rs72851488	1	4157984	C	T	1685	1669	1.01	0.9435	1.08	0.07633	0.7823	0.28634363021589826	3354
rs75151855	1	4159687	G	A	391	386	1.013	0.8801	1.166	0.03218	0.8576	0.18000943916449724	777
rs78314286	1	4164255	T	C	832	860	0.9674	0.8795	1.064	0.4634	0.4961	-0.6819413598415872	1692
rs78485316	1	4165027	T	C	1386	1383	1.002	0.9302	1.08	0.00325	0.9545	0.05266835503651274	2769
rs79328779	1	4167031	C	T	453	488	0.9283	0.8169	1.055	1.3019999999999998	0.2539	-1.1406962442827973	941
rs12123330	1	4167404	T	C	2104	2073	1.015	0.9552	1.078	0.2301	0.6315	0.4805692894125042	4177
rs4468133	1	4167574	A	G	2877	2895	0.9938	0.9438	1.046	0.056129999999999985	0.8127	-0.23613766428796143	5772
rs75291763	1	4171498	T	C	327	315	1.038	0.8893	1.212	0.2243	0.6358	0.47278118738471886	642
rs6688343	1	4171697	C	T	2889	2828	1.022	0.97	1.0759999999999998	0.6509	0.4198	0.8167742770797115	5717
rs12032295	1	4171904	T	C	2893	2972	0.9734	0.9248	1.025	1.064	0.3023	-1.0317148097034257	5865
rs6694801	1	4173320	C	T	1034	1037	0.9971	0.9148	1.087	0.004346	0.9474	-0.06607717080519027	2071
rs6690519	1	4174453	C	T	1173	1226	0.9568	0.8832	1.037	1.171	0.2792	-1.08136466463797	2399
rs4233264	1	4180118	T	C	2311	2225	1.039	0.9799	1.101	1.631	0.2016	1.2804412301040122	4536
rs11808641	1	4190873	G	A	2471	2490	0.9924	0.9386	1.0490000000000002	0.07277	0.7873	-0.2682766187228977	4961
rs113485362	1	4202393	A	C	258	272	0.9485	0.8	1.125	0.3698	0.5431	-0.6086333592108341	530
rs4654510	1	4203003	T	G	981	934	1.05	0.9603	1.149	1.154	0.2828	1.070873852122116	1915
rs12022636	1	4211466	A	C	2960	2962	0.9993	0.9497	1.052	0.0006753999999999999	0.9793	-0.02695954402947392	5922
rs10915479	1	4217888	T	C	3090	3070	1.007	0.9575	1.058	0.06494	0.7989	0.27124603432752364	6160
rs11579829	1	4222726	T	C	2562	2666	0.961	0.9103	1.015	2.069	0.1503	-1.4385650723207395	5228
rs10799218	1	4229839	T	C	2620	2606	1.005	0.9523	1.061	0.0375	0.8464	0.18149071017626908	5226
rs10158644	1	4232739	A	G	1383	1308	1.057	0.9804	1.14	2.09	0.1482	1.4442773770708734	2691
rs11580697	1	4240098	T	C	177	185	0.9568	0.7786	1.176	0.1768	0.6741	-0.4199739810397593	362
rs16841032	1	4254300	C	T	312	347	0.8991	0.7716	1.048	1.859	0.1728	-1.3631749315755992	659
rs966321	1	4255144	G	T	3188	2977	1.071	1.019	1.126	7.222	0.007203	2.701206942197376	6165
rs964716	1	4256628	A	G	523	548	0.9544	0.8466	1.0759999999999998	0.5836	0.4449	-0.7632411589127284	1071
rs10915494	1	4268416	T	C	1859	1968	0.9446	0.8866	1.006	3.105	0.07808	-1.7628509240266481	3827
rs903541	1	4275833	A	G	2992	2720	1.1	1.044	1.159	12.95	0.0003195	3.5752245795612665	5712
rs75263049	1	4278526	G	A	410	453	0.9051	0.7919	1.034	2.143	0.1433	-1.462696173984215	863
rs16838566	1	4298205	A	G	664	683	0.9722	0.8737	1.082	0.268	0.6047	-0.5172945448426105	1347
rs115293227	1	4298846	T	C	427	405	1.054	0.9203	1.208	0.5817	0.4456	0.7599167185711585	832
rs34546429	1	4300288	A	G	665	688	0.9666	0.8688	1.075	0.391	0.5318	-0.6241781986738597	1353
rs200326227	1	4302974	G	A	2252	2400	0.9383	0.8859	0.9939	4.709	0.03001	-2.172144256086632	4652
rs74049161	1	4303565	T	C	874	821	1.065	0.9678	1.171	1.6569999999999998	0.198	1.2897036890767257	1695
rs34429154	1	4303675	C	A	3105	3070	1.011	0.9622	1.063	0.1984	0.6559999999999999	0.4334147970993947	6175
rs693734	1	4304166	C	T	2697	2713	0.9941	0.9425	1.0490000000000002	0.04732	0.8278	-0.21759546369819105	5410
rs351625	1	4305411	T	G	2935	3028	0.9693	0.9213	1.02	1.45	0.2285	-1.2033246894272853	5963
rs16838616	1	4308244	A	C	1493	1421	1.051	0.9771	1.13	1.779	0.1823	1.3372195841426124	2914
rs351619	1	4308759	G	A	3100	3049	1.017	0.9671	1.069	0.423	0.5154	0.6567208402496186	6149
rs351615	1	4310325	G	A	2011	1954	1.029	0.967	1.095	0.8194	0.3653	0.9016348914468381	3965
rs12073612	1	4310429	A	G	856	767	1.116	1.012	1.23	4.88	0.027160000000000004	2.1990048132843008	1623
rs1495238	1	4310528	A	C	493	491	1.004	0.8861	1.138	0.004065	0.9492	0.0626362388365433	984
rs12132314	1	4311889	T	C	1791	1897	0.9441	0.8851	1.007	3.047	0.0809	-1.7471392317877206	3688
rs10915509	1	4315799	C	A	1892	1845	1.025	0.9618	1.093	0.5911	0.442	0.7604727271987713	3737
rs351606	1	4323996	T	C	1490	1447	1.03	0.9579	1.107	0.6296	0.4275	0.7983285005323377	2937
rs2411740	1	4328624	C	T	1371	1334	1.028	0.9531	1.108	0.5061	0.4768	0.715469750219219	2705
rs641473	1	4328825	T	C	3115	3091	1.008	0.9588	1.0590000000000002	0.09281	0.7606	0.31209666760099625	6206
rs111555716	1	4336779	C	T	2153	2042	1.054	0.9924	1.12	2.937	0.08657000000000001	1.7117016533491878	4195
rs17409380	1	4345042	G	T	317	324	0.9784	0.838	1.142	0.07644	0.7822	-0.2763059246744021	641
rs10799228	1	4345938	A	G	1150	1081	1.064	0.9791	1.156	2.134	0.1441	1.4621683157796588	2231
rs79461685	1	4358607	A	G	585	591	0.9898	0.8829	1.11	0.03061	0.8611	-0.17582018835501034	1176
rs17410050	1	4359937	T	C	3081	3044	1.012	0.9627	1.064	0.2235	0.6364	0.46814290137272374	6125
rs75411	1	4365354	T	C	2065	2082	0.9918	0.9333	1.054	0.06969	0.7918	-0.2654546535634381	4147
rs572439	1	4371204	C	A	3103	3127	0.9923	0.9442	1.043	0.09246	0.7611	-0.3049139621156727	6230
rs239339	1	4384479	T	G	2054	2085	0.9851	0.9269	1.047	0.2322	0.6299	-0.48316873448518793	4139
rs115174136	1	4395827	A	C	343	344	0.9971	0.8586	1.158	0.001456	0.9696	-0.038063104774907	687
rs4654530	1	4397799	C	T	364	366	0.9945	0.8602	1.15	0.005479	0.941	-0.0745113967934564	730
rs349400	1	4402400	G	T	2655	2644	1.004	0.9515	1.06	0.02283	0.8799	0.14568440442879912	5299
rs114342062	1	4417352	T	C	215	215	1.0	0.8278	1.208	0.0	1.0	0.0	430
rs4654432	1	4421155	T	C	3066	3022	1.015	0.9648	1.067	0.318	0.5728	0.5753138182479203	6088
rs6658372	1	4428919	G	A	2478	2500	0.9912	0.9376	1.048	0.09723	0.7552	-0.31162856779242687	4978
rs6678792	1	4429338	T	C	2990	3090	0.9676	0.9202	1.018	1.645	0.1997	-1.2852566963749732	6080
rs1762814	1	4436196	T	C	2788	2845	0.98	0.9301	1.033	0.5768	0.4476	-0.7576914362449941	5633
rs77633111	1	4437253	G	A	1084	1060	1.023	0.9396	1.113	0.2687	0.6042	0.5240960196552895	2144
rs12731060	1	4440376	C	T	3060	3178	0.9629	0.9162	1.012	2.232	0.1352	-1.4904832661479395	6238
rs780588	1	4446265	T	G	360	396	0.9091	0.7882	1.0490000000000002	1.714	0.1904	-1.308928654232307	756
rs780593	1	4447683	C	T	1249	1222	1.022	0.9446	1.106	0.295	0.5870000000000001	0.5415834978238893	2471
rs11584026	1	4454393	A	G	1375	1349	1.019	0.9455	1.099	0.2482	0.6184	0.4927743584689514	2724
rs12691489	1	4456199	A	G	1316	1384	0.9509	0.8818	1.025	1.713	0.1906	-1.3079817577048587	2700
rs666152	1	4458142	T	G	2812	2721	1.033	0.9804	1.089	1.497	0.2212	1.2176325997711583	5533
rs72633529	1	4463264	A	G	694	684	1.015	0.9129	1.128	0.07257000000000001	0.7876	0.27525331055994035	1378
rs6426414	1	4467712	A	G	1534	1623	0.9452	0.8814	1.013	2.509	0.1132	-1.5806414710861525	3157
rs12143782	1	4474290	T	C	1637	1734	0.9441	0.8824	1.01	2.7910000000000004	0.09479	-1.668162086397846	3371
rs55653177	1	4474909	T	C	1432	1407	1.018	0.9456	1.095	0.2201	0.6389	0.4739543021252581	2839
rs114240781	1	4482248	C	T	594	619	0.9596	0.8574	1.074	0.5153	0.4729	-0.717756213931747	1213
rs6656245	1	4483603	G	A	541	524	1.032	0.9156	1.164	0.2714	0.6024	0.5158781587564891	1065
rs350182	1	4488232	A	G	1087	1178	0.9228	0.8497	1.002	3.656	0.05587	-1.9080741466743965	2265
rs705689	1	4489247	G	T	1956	2120	0.9226	0.8677	0.9811	6.599	0.01021	-2.5737132661903717	4076
rs705690	1	4489320	G	A	2121	2055	1.032	0.9714	1.097	1.043	0.3071	1.0201893558165507	4176
rs116532395	1	4492422	A	C	426	389	1.095	0.9545	1.256	1.68	0.195	1.2953390803490006	815
rs582598	1	4501902	A	C	1430	1523	0.9389	0.8736	1.009	2.929	0.08701	-1.7142040509003766	2953
rs34567044	1	4506358	G	A	439	406	1.081	0.9448	1.238	1.289	0.2563	1.1335802802038717	845
rs4654441	1	4506455	G	A	3167	3019	1.0490000000000002	0.998	1.103	3.5410000000000004	0.059870000000000013	1.8812685027993516	6186
rs780568	1	4509774	A	G	1922	1910	1.006	0.9445	1.072	0.03758	0.8463	0.18586796537874226	3832
rs79383560	1	4514030	G	A	1391	1479	0.9405	0.8741	1.012	2.698	0.1005	-1.6421560565701125	2870
rs1710422	1	4514057	C	T	2758	2828	0.9752	0.9254	1.028	0.8772	0.349	-0.9390343118420901	5586
rs6703696	1	4518435	G	A	712	732	0.9727	0.8773	1.078	0.277	0.5987	-0.5255612652515723	1444
rs116415025	1	4519174	A	G	282	253	1.115	0.9406	1.321	1.5719999999999998	0.2099	1.2543505390681406	535
rs12035830	1	4519673	A	G	1282	1302	0.9846	0.9116	1.064	0.1548	0.6940000000000001	-0.39487451956035363	2584
rs55989806	1	4523388	C	A	253	273	0.9267	0.7809999999999999	1.1	0.7605	0.3832	-0.8722691125142613	526
rs241240	1	4526246	G	T	2947	3005	0.9807	0.9321	1.032	0.5652	0.4522	-0.7515333164803814	5952
rs241232	1	4530909	A	G	2596	2705	0.9597	0.9094	1.013	2.241	0.1344	-1.4975882847227948	5301
rs12080165	1	4536640	T	G	1760	1876	0.9382	0.8791	1.001	3.701	0.05439	-1.921671601547716	3636
rs74773514	1	4542926	A	G	1052	1099	0.9572	0.8796	1.042	1.027	0.3109	-1.0140875303428543	2151
rs7534050	1	4543067	T	C	1899	2007	0.9462	0.8886	1.007	2.986	0.08398	-1.7257785153955258	3906
rs114427637	1	4545397	C	T	265	255	1.039	0.8751	1.234	0.1923	0.6609999999999999	0.4367946127884301	520
rs75575768	1	4552987	C	T	407	382	1.065	0.9266	1.225	0.7921	0.3735	0.8866624986640579	789
rs12120353	1	4560936	A	C	2058	2154	0.9554	0.8994	1.015	2.188	0.1391	-1.4804975567406293	4212
rs241278	1	4569348	C	T	3035	3055	0.9935	0.9448	1.045	0.06568	0.7977	-0.2543052644643195	6090
rs80308628	1	4571250	A	G	425	376	1.13	0.9839	1.2990000000000002	2.998	0.08338999999999999	1.7302195965541745	801
rs171317	1	4572768	C	A	1190	1222	0.9738	0.8991	1.055	0.4245	0.5147	-0.6519934997434351	2412
rs7534062	1	4573178	T	C	1569	1627	0.9644	0.8997	1.034	1.053	0.3049	-1.0230906966182307	3196
rs6426421	1	4573579	C	T	2269	2257	1.005	0.9484	1.0659999999999998	0.03182	0.8584	0.168642009514933	4526
rs12741243	1	4576615	G	A	139	145	0.9586	0.7596	1.21	0.1268	0.7218	-0.356158025396058	284
rs1157688	1	4576707	T	C	2245	2233	1.005	0.9482	1.0659999999999998	0.03216	0.8577	0.1680306510488367	4478
rs1024139	1	4580842	C	T	2134	2152	0.9916	0.934	1.053	0.07559	0.7834	-0.2762802415427943	4286
rs113995267	1	4581608	G	A	327	299	1.094	0.9349	1.279	1.252	0.2631	1.1204619550687025	626
rs725563	1	4583412	T	G	2536	2455	1.033	0.9772	1.092	1.315	0.2516	1.1459463002458572	4991
rs616180	1	4585644	T	G	941	973	0.9671	0.8842	1.058	0.535	0.4645	-0.73164055075186	1914
rs619364	1	4586319	G	A	2973	3054	0.9735	0.9255	1.024	1.089	0.2968	-1.0410752707982804	6027
rs1849943	1	4589256	A	G	1791	1813	0.9879	0.9254	1.055	0.1343	0.7140000000000001	-0.36509070788653986	3604
rs164772	1	4592452	C	T	1341	1328	1.01	0.936	1.089	0.06332	0.8013	0.2563098211501891	2669
rs6426423	1	4596087	A	C	2862	2872	0.9965	0.9462	1.0490000000000002	0.01744	0.8949	-0.1326770860847974	5734
rs537761	1	4602348	A	C	2641	2657	0.994	0.9419	1.0490000000000002	0.04832	0.826	-0.21909062339279187	5298
rs164783	1	4604554	A	C	2986	3108	0.9607	0.9137	1.01	2.442	0.1181	-1.566639299108523	6094
rs4654574	1	4619671	C	T	1497	1579	0.9481	0.8834	1.018	2.186	0.1393	-1.4778720961156229	3076
rs77849464	1	4620293	C	T	196	168	1.167	0.9494	1.4340000000000002	2.154	0.1422	1.4668208981472737	364
rs114777976	1	4622378	A	G	139	140	0.9929	0.7852	1.255	0.003584000000000001	0.9523	-0.059506362118402205	279
rs12029673	1	4624030	G	A	2059	2176	0.9462	0.8909	1.005	3.232	0.0722	-1.7998569137497697	4235
rs1107468	1	4624786	G	A	320	315	1.016	0.8695	1.187	0.03937	0.8427	0.19980544303370062	635
rs875807	1	4625612	A	G	3083	2888	1.068	1.015	1.123	6.3679999999999986	0.01162	2.5333237799747774	5971
rs77064382	1	4630748	T	C	149	156	0.9551	0.7631	1.196	0.1607	0.6886	-0.40120355194352325	305
rs10799249	1	4631800	T	C	2245	2168	1.036	0.9762	1.098	1.344	0.2464	1.1659183014874566	4413
rs79001594	1	4636793	T	C	292	282	1.035	0.8792	1.22	0.1742	0.6764	0.41329544021609316	574
rs12122754	1	4638499	T	C	1775	1621	1.095	1.024	1.171	6.984	0.008226	2.6534053139547935	3396
rs10915575	1	4641198	C	T	2370	2311	1.026	0.9684	1.086	0.7436	0.3885	0.8707286024493966	4681
rs61764994	1	4642236	G	A	2497	2591	0.9637	0.9122	1.018	1.737	0.1876	-1.3195636456555793	5088
rs2035454	1	4662371	G	A	2298	2356	0.9754	0.9209	1.033	0.7228	0.3952	-0.8490817481695694	4654
rs12408160	1	4662986	T	C	2286	2252	1.015	0.9577	1.0759999999999998	0.2547	0.6138	0.5021859320438914	4538
rs12083131	1	4663758	A	G	2031	2005	1.013	0.9524	1.077	0.1675	0.6823	0.41039525366656276	4036
rs78173795	1	4664190	T	C	415	387	1.072	0.9337	1.232	0.9776	0.3228	0.98656973140873	802
rs2035455	1	4664572	T	C	2257	2316	0.9745	0.9196	1.033	0.7612	0.383	-0.8731164220744099	4573
rs17421247	1	4664897	T	C	2261	2320	0.9746	0.9197	1.033	0.7599	0.3834	-0.8697398872539223	4581
rs7517857	1	4665525	A	G	3149	3086	1.02	0.971	1.072	0.6366	0.425	0.7883813897690256	6235
rs12567266	1	4666394	T	C	2207	2260	0.9765	0.9209	1.036	0.6288	0.4278	-0.7950735987360881	4467
rs4281299	1	4670900	C	T	938	941	0.9968	0.9106	1.091	0.00479	0.9448	-0.06945610786424465	1879
rs4654585	1	4673179	C	T	2494	2577	0.9678	0.916	1.023	1.359	0.2438	-1.1661792010768581	5071
rs72637574	1	4677345	C	T	308	304	1.013	0.8647	1.187	0.02614	0.8715	0.159934177291227	612
rs115426150	1	4677606	G	A	352	382	0.9215	0.7972	1.065	1.226	0.2682	-1.1058523980241222	734
rs2071990	1	4677998	T	C	685	679	1.009	0.9072	1.122	0.02639	0.8709	0.16512222299237314	1364
rs2071995	1	4678618	T	C	976	1000	0.976	0.8936	1.0659999999999998	0.2915	0.5893	-0.5398110587268042	1976
rs763238	1	4683644	T	C	2132	2217	0.9617	0.9062	1.021	1.661	0.1974	-1.2876867619256334	4349
rs12402150	1	4690207	A	C	654	640	1.022	0.9164	1.14	0.1515	0.6971	0.39107857967642695	1294
rs4654587	1	4692900	A	G	732	771	0.9494	0.8581	1.05	1.012	0.3144	-1.0065629747514924	1503
rs12121882	1	4698267	T	C	2043	2131	0.9587	0.9023	1.019	1.855	0.1732	-1.3634425011056028	4174
rs35923204	1	4706679	T	C	1210	1199	1.009	0.9317	1.093	0.05023	0.8227	0.22032847715008413	2409
rs3820251	1	4721091	T	C	1543	1561	0.9885	0.9213	1.061	0.1044	0.7466	-0.3220122858022016	3104
rs16839524	1	4725389	T	C	244	251	0.9721	0.8151	1.159	0.09899	0.753	-0.31485667613135404	495
rs242050	1	4729119	A	G	1584	1591	0.9956	0.9287	1.067	0.01543	0.9011	-0.12425319196812051	3175
rs3766964	1	4732124	C	T	2618	2737	0.9565	0.9066	1.009	2.644	0.1039	-1.6269297275696546	5355
rs141899425	1	4736512	T	C	260	242	1.074	0.9018	1.28	0.6454	0.4218	0.8007003336607934	502
rs75801608	1	4739050	A	G	1845	1992	0.9262	0.8694	0.9868	5.6320000000000014	0.01764	-2.3743243019264084	3837
rs76770766	1	4739690	T	G	203	186	1.091	0.8945	1.332	0.7429	0.3887	0.859609508168796	389
rs115486560	1	4741668	G	A	279	253	1.103	0.9302	1.307	1.271	0.2596	1.127688272590957	532
rs3753708	1	4744974	C	A	2049	2172	0.9434	0.8881	1.002	3.584	0.058329999999999986	-1.890527085559654	4221
rs409048	1	4745614	C	T	3020	2810	1.075	1.021	1.131	7.564	0.005954	2.750362064102855	5830
rs7532708	1	4746147	A	G	1265	1245	1.016	0.9396	1.099	0.1594	0.6897	0.3979790590660388	2510
rs115722628	1	4746310	T	C	220	210	1.048	0.8671	1.266	0.2326	0.6296	0.4849568272477771	430
rs2802720	1	4749060	T	C	2666	2482	1.074	1.017	1.134	6.577000000000001	0.01033	2.5658720911822694	5148
rs72639906	1	4753300	T	C	1077	1121	0.9607	0.8837	1.045	0.8808	0.348	-0.9406055369725835	2198
rs11591221	1	4757448	T	C	256	246	1.041	0.8736	1.24	0.1992	0.6554	0.4492288089196843	502
rs3766974	1	4760989	G	A	233	232	1.004	0.8374	1.205	0.002151	0.963	0.043122392057977965	465
rs426095	1	4768003	A	G	2876	2799	1.028	0.9754	1.082	1.045	0.3067	1.0305186426061497	5675
rs9426483	1	4770840	T	C	2561	2436	1.051	0.9946	1.111	3.127	0.07701000000000001	1.7675904584144364	4997
rs423285	1	4771016	C	T	2180	2119	1.029	0.9691	1.092	0.8656	0.3522	0.9342472820285759	4299
rs12030265	1	4771692	T	C	1483	1390	1.067	0.9916	1.148	3.01	0.08273	1.7343984292865688	2873
rs12737329	1	4772779	T	C	313	301	1.04	0.8877	1.218	0.2345	0.6282	0.48548412828581283	614
rs399377	1	4775315	T	C	2100	2045	1.027	0.9662	1.091	0.7298	0.3929	0.8556660847933557	4145
rs3753732	1	4778189	A	C	912	989	0.9221	0.8428	1.009	3.119	0.07739	-1.7677054687055824	1901
rs115280749	1	4783173	A	G	189	185	1.022	0.8342	1.251	0.04278	0.8361	0.21006584892269534	374
rs9426506	1	4784316	T	C	2878	2840	1.013	0.9622	1.067	0.2525	0.6153	0.4920545670680475	5718
rs11805709	1	4787534	T	C	2258	2439	0.9258	0.8743	0.9803	6.975	0.008265999999999999	-2.6401871242150574	4697
rs7519688	1	4793850	C	T	2821	2735	1.031	0.9786	1.087	1.331	0.2486	1.1471532825306046	5556
rs17345280	1	4799477	C	A	1318	1319	0.9992	0.9258	1.079	0.0003792	0.9845	-0.020559564352282605	2637
rs78287039	1	4800495	A	G	184	230	0.8	0.659	0.9711	5.1110000000000015	0.02377	-2.255740039841964	414
rs760817	1	4803853	T	C	1430	1385	1.032	0.9589	1.112	0.7194	0.3964	0.840340013937581	2815
rs2181699	1	4827952	T	G	2736	2882	0.9493	0.901	1.0	3.794	0.05143	-1.9528984123134754	5618
rs6426440	1	4854850	C	A	2985	3024	0.9871	0.9384	1.038	0.2531	0.6149	-0.5029839077099738	6009
rs10915645	1	4868127	G	T	3050	3074	0.9922	0.9437	1.043	0.09406	0.7591	-0.30624587826628363	6124
rs114242555	1	4868944	C	T	265	226	1.173	0.9819	1.4	3.0980000000000003	0.0784	1.7586790245408384	491
rs79360823	1	4870025	T	C	236	230	1.026	0.8557	1.23	0.07725	0.7811	0.2771785271010532	466
rs10489138	1	4874007	T	C	619	630	0.9825	0.8794	1.098	0.09688	0.7556	-0.31213711941316447	1249
rs77821625	1	4877079	A	G	359	339	1.0590000000000002	0.9129	1.228	0.5731	0.449	0.7568481182775927	698
rs12061881	1	4886208	T	C	2557	2456	1.041	0.985	1.1	2.035	0.1537	1.4242824646161807	5013
rs115117311	1	4890817	A	G	344	357	0.9636	0.831	1.117	0.2411	0.6234	-0.490892172330435	701
rs6664880	1	4892728	G	A	2294	2363	0.9708	0.9166	1.028	1.022	0.312	-1.0110517666381929	4657
rs12025356	1	4894686	A	G	198	176	1.125	0.9183	1.378	1.294	0.2553	1.137136085099356	374
rs6426446	1	4895802	T	C	3114	3094	1.006	0.9576	1.058	0.06443	0.7996	0.23779207377945996	6208
rs72634113	1	4898431	T	C	270	238	1.134	0.953	1.35	2.016	0.1557	1.4173910059416772	508
rs115039225	1	4904614	A	G	218	222	0.982	0.8146	1.1840000000000002	0.03636	0.8488	-0.19048958702908794	440
rs115500860	1	4905357	T	C	248	207	1.198	0.9962	1.4409999999999998	3.695	0.05459	1.9195459324752073	455
rs11805753	1	4913047	T	C	1561	1552	1.006	0.9376	1.079	0.02602	0.8719	0.16651336151978152	3113
rs12035499	1	4920632	A	G	1874	1838	1.02	0.9561	1.087	0.3491	0.5546	0.599936808306641	3712
rs942245	1	4921443	G	A	3086	3095	0.9971	0.9486	1.048	0.0131	0.9089	-0.11415599669714069	6181
rs6666453	1	4927364	G	T	1864	1876	0.9936	0.9319	1.0590000000000002	0.0385	0.8444	-0.19629496562480236	3740
rs12567162	1	4928003	C	A	2368	2365	1.001	0.9458	1.06	0.001902	0.9652	0.03453622402186844	4733
rs2898853	1	4932144	C	T	2634	2571	1.025	0.9703	1.082	0.7625	0.3825	0.8824805882063894	5205
rs35357722	1	4932979	A	G	1845	1916	0.9629	0.9033	1.027	1.34	0.247	-1.1597055533354088	3761
rs9426488	1	4934307	T	C	455	444	1.025	0.8992	1.168	0.1346	0.7137	0.36960920283839693	899
rs10915683	1	4936125	G	A	3140	3056	1.027	0.9776	1.08	1.139	0.2859	1.059264977075411	6196
rs10915295	1	4941428	G	T	2458	2457	1.0	0.946	1.058	0.0002035	0.9886	0.0	4915
rs9286971	1	4943444	G	A	3042	3042	1.0	0.951	1.052	0.0	1.0	0.0	6084
rs12757225	1	4945656	T	G	286	273	1.048	0.8875	1.237	0.3023	0.5824	0.5527981619335329	559
rs72634168	1	4949404	A	C	776	772	1.005	0.9099	1.11	0.01034	0.919	0.0983378585553557	1548
rs9426490	1	4951342	A	G	2683	2684	0.9996	0.9475	1.055	0.00018630000000000006	0.9891	-0.014649398513331779	5367
rs74653811	1	4955616	C	T	1095	1084	1.01	0.9288	1.099	0.05553	0.8137	0.23269468232199386	2179
rs6656223	1	4955784	G	A	2744	2754	0.9964	0.9451	1.05	0.01819	0.8927	-0.13373048223076103	5498
rs10799145	1	4961140	T	G	3100	3148	0.9848	0.9371	1.035	0.3688	0.5437	-0.6046646900992027	6248
rs12754637	1	4963261	A	G	2065	2054	1.005	0.9458	1.069	0.02938	0.8639	0.1610164585437205	4119
rs114377297	1	4966777	G	A	523	496	1.054	0.9325	1.192	0.7154	0.3977	0.8416263828948842	1019
rs12025571	1	4969471	C	A	2484	2300	1.08	1.02	1.143	7.077000000000001	0.007808	2.6390452514864107	4784
rs74836301	1	4970359	T	C	454	447	1.016	0.8913	1.157	0.05438	0.8156	0.23758949810657107	901
rs76290374	1	4974114	A	G	2002	1908	1.0490000000000002	0.9855	1.117	2.26	0.1328	1.5015364765656796	3910
rs12757902	1	4976174	A	G	1623	1630	0.9957	0.9296	1.067	0.01506	0.9023	-0.12295782445182316	3253
rs12122541	1	4976562	G	A	450	478	0.9414	0.8277	1.071	0.8448	0.358	-0.9195248790024189	928
rs898335	1	4976717	G	T	2999	2936	1.021	0.9708	1.075	0.6687	0.4135	0.8079318209524067	5935
rs6666618	1	4978033	C	A	2652	2647	1.002	0.9494	1.057	0.004718	0.9452	0.07262355087360203	5299
rs12736331	1	4979454	C	T	232	277	0.8375	0.7035	0.9972	3.978	0.04609	-1.9935068405978196	509
rs12132419	1	4982881	A	G	320	360	0.8889	0.7646	1.033	2.353	0.125	-1.5324125656587975	680
rs1563791	1	4983674	C	A	1688	1818	0.9285	0.8690000000000001	0.9921	4.82	0.02813	-2.1955069599870525	3506
rs7418901	1	4993203	T	C	373	372	1.003	0.8685	1.158	0.001342	0.9708	0.04077696222477137	745
rs116315507	1	4998851	A	G	151	125	1.208	0.9531	1.531	2.449	0.1176	1.562747405275961	276
rs10158288	1	5001459	T	C	3077	3121	0.9859	0.938	1.036	0.3124	0.5762	-0.5588333637526993	6198
rs34951087	1	5009110	T	G	1949	1865	1.045	0.9808	1.114	1.85	0.1738	1.3606971289067482	3814
rs12045336	1	5010603	G	A	2450	2495	0.982	0.9287	1.038	0.4095	0.5222	-0.6379541587343702	4945
rs9286975	1	5013032	G	A	3069	3099	0.9903	0.9421	1.041	0.1459	0.7025	-0.38288874545728924	6168
rs9439575	1	5025895	G	A	3005	3066	0.9801	0.932	1.031	0.6129	0.4337	-0.7829076532919983	6071
rs9439507	1	5030937	G	A	3022	2974	1.016	0.966	1.069	0.3843	0.5353	0.6165043374992473	5996
rs6693990	1	5034375	A	G	2526	2494	1.013	0.9583	1.07	0.204	0.6515	0.4560532777394187	5020
rs1459762	1	5035802	T	C	880	838	1.05	0.9553	1.154	1.027	0.3109	1.0117298530497452	1718
rs74920522	1	5038853	G	A	346	271	1.277	1.089	1.497	9.117	0.002533	3.009327327473844	617
rs10915324	1	5043561	G	A	2127	2137	0.9953	0.9373	1.057	0.02345	0.8783	-0.15379069991697938	4264
rs1563792	1	5064799	G	A	2559	2398	1.067	1.009	1.128	5.229	0.02221	2.2742012224489705	4957
rs116183990	1	5066766	A	G	138	132	1.045	0.8235	1.327	0.1333	0.715	0.362174539724835	270
rs72635377	1	5070469	T	C	294	343	0.8571	0.7335	1.002	3.769	0.0522	-1.940789550219042	637
rs10915335	1	5076417	T	C	1464	1484	0.9865	0.9178	1.06	0.1357	0.7126	-0.3690609281377342	2948
rs11590026	1	5080166	A	G	2155	2129	1.012	0.9534	1.075	0.1578	0.6912	0.3919575941742155	4284
rs3128687	1	5081233	G	T	3071	3005	1.022	0.9718	1.075	0.7169	0.3972	0.8468389347114075	6076
rs10915341	1	5082492	G	T	2788	2741	1.017	0.9649	1.072	0.3995	0.5273	0.6282801266577253	5529
rs3101214	1	5090474	G	A	2108	2043	1.032	0.9709	1.097	1.018	0.313	1.0115830301623745	4151
rs57000660	1	5106420	G	A	2508	2333	1.075	1.016	1.137	6.3260000000000005	0.0119	2.5111646703921155	4841
rs10733013	1	5108603	T	C	3028	3105	0.9752	0.9276	1.025	0.9667	0.3255	-0.983592189867215	6133
rs7513590	1	5110652	G	A	1194	1262	0.9461	0.8741	1.024	1.883	0.17	-1.3719892776742713	2456
rs10799170	1	5119470	A	C	2262	2287	0.9891	0.9332	1.048	0.1374	0.7109	-0.3692471862183972	4549
rs79656278	1	5123781	A	G	323	323	1.0	0.8571	1.167	0.0	1.0	0.0	646
rs6671889	1	5132643	A	C	3110	3149	0.9876	0.9399	1.038	0.243	0.622	-0.4940168139930288	6259
rs10492925	1	5135311	C	T	2304	2249	1.024	0.9666	1.086	0.6644	0.415	0.8058029530246752	4553
rs10799173	1	5137917	C	T	2384	2419	0.9855	0.9313	1.043	0.255	0.6135	-0.5060851926272976	4803
rs12121369	1	5150064	A	C	3005	3027	0.9927	0.9439	1.044	0.08023999999999999	0.777	-0.28488337841421	6032
rs12750297	1	5159212	A	C	2396	2421	0.9897	0.9353	1.047	0.1297	0.7187	-0.35894322342631646	4817
rs17366543	1	5164556	G	A	1759	1660	1.06	0.9909	1.133	2.867	0.09043	1.6942011709720877	3419
rs79967614	1	5165700	C	T	157	164	0.9573	0.7692	1.192	0.1526	0.696	-0.3909723208918387	321
rs4394703	1	5171832	C	A	2275	2236	1.017	0.9598	1.079	0.3372	0.5615	0.570761710208505	4511
rs6665697	1	5188481	T	C	2540	2469	1.029	0.9733	1.087	1.006	0.3158	1.0068470161890213	5009
rs2722781	1	5197169	T	C	2335	2327	1.003	0.9475	1.063	0.01373	0.9067	0.10314125795622275	4662
rs80305867	1	5197267	G	A	353	385	0.9169	0.7936	1.0590000000000002	1.388	0.2388	-1.1774324653486186	738
rs7528871	1	5199035	A	C	2419	2367	1.022	0.9657	1.082	0.565	0.4523	0.7527330808897789	4786
rs12043987	1	5204637	G	A	665	736	0.9035	0.8136	1.003	3.5980000000000003	0.05784	-1.8977612914172313	1401
rs6603821	1	5207790	G	A	3037	3136	0.9684	0.9213	1.018	1.588	0.2077	-1.2622608406370703	6173
rs79053480	1	5207945	C	A	144	169	0.8521	0.6822	1.064	1.997	0.1576	-1.4106452051185485	313
rs16840190	1	5222666	T	C	676	671	1.007	0.9054	1.121	0.01856	0.8916	0.12855365575060623	1347
rs938962	1	5223882	T	C	3130	3063	1.022	0.9722	1.074	0.7249	0.3946	0.853815049535226	6193
rs116478542	1	5224290	T	C	191	233	0.8197	0.677	0.9926	4.16	0.04138	-2.037365281500344	424
rs677735	1	5235116	A	G	1385	1393	0.9943	0.923	1.071	0.02304	0.8794	-0.15057117645264204	2778
rs586165	1	5237827	T	C	1895	1898	0.9984	0.9369	1.064	0.002373	0.9611	-0.049365171817626105	3793
rs521430	1	5247016	T	C	3109	3106	1.001	0.9524	1.052	0.001448	0.9696	0.03936174102343518	6215
rs75422994	1	5247076	A	G	447	533	0.8386	0.7396	0.951	7.5470000000000015	0.006011	-2.746299354395023	980
rs7534404	1	5249195	A	G	2696	2674	1.008	0.9557	1.064	0.09013	0.764	0.2931267009785219	5370
rs72638072	1	5256954	T	C	540	468	1.154	1.02	1.306	5.143	0.02334	2.274450822311555	1008
rs12089315	1	5258492	T	C	2668	2697	0.9892	0.9377	1.044	0.1568	0.6922	-0.39806514330025056	5365
rs630153	1	5261079	A	G	2725	2763	0.9862	0.9354	1.04	0.2631	0.608	-0.5150118748377384	5488
rs34488108	1	5261231	A	G	141	125	1.128	0.8866	1.435	0.9624	0.3266	0.9803450908847355	266
rs579467	1	5269805	T	C	2964	3017	0.9824	0.9339	1.034	0.4697	0.4931	-0.6874131985319021	5981
rs584938	1	5274019	C	A	2172	2123	1.023	0.9637	1.086	0.5589999999999999	0.4547	0.7463719523534095	4295
rs549155	1	5278227	T	G	1667	1669	0.9988	0.9333	1.069	0.001199	0.9724	-0.03469683589543491	3336
rs12141954	1	5282235	G	A	2897	2879	1.006	0.9557	1.06	0.05609	0.8128	0.2285846644866467	5776
rs563939	1	5287095	T	C	2963	3056	0.9696	0.9218	1.02	1.4369999999999998	0.2306	-1.1968758737966916	6019
rs116293001	1	5287311	A	G	250	269	0.9294	0.7824	1.104	0.6956	0.4043	-0.8334837665950946	519
rs4417082	1	5288210	A	G	2965	3122	0.9497	0.9032	0.9987	4.049	0.04419	-2.014932379446521	6087
rs10915405	1	5288212	A	G	2068	2043	1.012	0.9522	1.0759999999999998	0.152	0.6966	0.38385285711799716	4111
rs4514251	1	5288419	A	G	3169	2982	1.063	1.011	1.117	5.685	0.01711	2.387518978410532	6151
rs17457716	1	5293579	C	T	365	364	1.003	0.8672	1.159	0.001372	0.9705	0.040357099918059504	729
rs72639366	1	5294712	T	C	244	245	0.9959	0.8341	1.189	0.002045	0.9639	-0.04541913053545976	489
rs912988	1	5294784	T	C	2968	2830	1.0490000000000002	0.9961	1.104	3.285	0.06992999999999999	1.8119866375279037	5798
rs115216699	1	5298222	T	C	229	240	0.9542	0.7961	1.144	0.258	0.6115	-0.5072561956899444	469
rs5026665	1	5314880	G	A	2983	3048	0.9787	0.9305	1.029	0.7005	0.4026	-0.8355733694739397	6031
rs9439565	1	5321190	C	T	3071	2983	1.03	0.9789	1.083	1.279	0.2581	1.13856186286944	6054
rs115072908	1	5324883	A	G	284	312	0.9103	0.7751	1.069	1.315	0.2514	-1.14566741643005	596
rs79339794	1	5328116	T	C	637	653	0.9755	0.8746	1.088	0.1984	0.6559999999999999	-0.44528727960353404	1290
rs115658511	1	5333402	C	T	152	146	1.041	0.8296	1.307	0.1208	0.7282	0.34695415646934064	298
rs2148211	1	5341304	G	A	3095	3188	0.9708	0.924	1.02	1.3769999999999998	0.2407	-1.1755939365621095	6283
rs10915416	1	5342971	G	A	2707	2742	0.9872	0.9362	1.041	0.2248	0.6354	-0.4760231709538643	5449
rs17425370	1	5344280	T	C	153	148	1.034	0.8247	1.296	0.08306000000000001	0.7732	0.2897468875914544	301
rs12408534	1	5348063	C	T	696	703	0.99	0.8915	1.099	0.03503	0.8515	-0.1879651828289529	1399
rs77437426	1	5349769	T	G	458	443	1.034	0.9073	1.178	0.2497	0.6173	0.5013289152672769	901
rs4129058	1	5350482	C	T	2979	2850	1.045	0.9929	1.1	2.855	0.0911	1.6869254342090252	5829
rs74767203	1	5351456	C	T	629	671	0.9374	0.8408	1.045	1.357	0.2441	-1.165032452784759	1300
rs74219217	1	5394347	T	C	2759	2709	1.018	0.9659	1.074	0.4572	0.4989	0.6655813101058172	5468
rs36194643	1	5398849	G	A	2938	2780	1.057	1.003	1.113	4.3660000000000005	0.03667	2.071962002368371	5718
rs61763346	1	5410024	G	A	447	483	0.9255	0.8138	1.053	1.394	0.2378	-1.1798012918063294	930
rs7546092	1	5413923	A	G	2936	2860	1.027	0.975	1.081	0.9965	0.3181	1.004973961178269	5796
rs11576458	1	5415521	T	C	1733	1805	0.9601	0.8989	1.026	1.465	0.2261	-1.2116626899170082	3538
rs6603835	1	5415603	C	A	2987	2826	1.057	1.004	1.113	4.459	0.034710000000000005	2.1120986238220425	5813
rs3922826	1	5425117	G	T	1750	1728	1.013	0.9476	1.082	0.1392	0.7091	0.37932527304361047	3478
rs7411401	1	5426013	G	A	340	370	0.9189	0.7931	1.065	1.268	0.2602	-1.125960077640278	710
rs12755610	1	5428958	G	A	2576	2722	0.9464	0.8967	0.9987	4.023	0.04487	-2.001639193331913	5298
rs10907211	1	5431983	A	C	2012	2059	0.9772	0.9189	1.039	0.5426	0.4613	-0.7348781499048412	4071
rs12065301	1	5446134	G	A	535	558	0.9588	0.8516	1.08	0.484	0.4866	-0.6955024304799531	1093
rs12402981	1	5447070	C	T	270	294	0.9184	0.7785	1.083	1.021	0.3122	-1.0095337283305763	564
rs78442356	1	5448714	A	G	239	251	0.9522	0.7976	1.137	0.2939	0.5877	-0.54186547909916	490
rs76761725	1	5453430	T	C	352	331	1.063	0.9153	1.236	0.6457	0.4217	0.8004518520251447	683
rs11260694	1	5454134	T	C	2875	2922	0.9839	0.9345	1.036	0.3811	0.537	-0.6175724313246006	5797
rs12568815	1	5461631	T	C	1187	1192	0.9958	0.9189	1.079	0.01051	0.9184	-0.1026430867489338	2379
rs72640642	1	5464283	C	A	208	225	0.9244	0.7656	1.116	0.6674	0.4139	-0.8174462363787172	433
rs59862356	1	5468116	A	G	1074	1119	0.9598	0.8827	1.044	0.9234	0.3366	-0.9603526318933937	2193
rs12045091	1	5487502	C	T	1791	1767	1.014	0.9491	1.082	0.1619	0.6874	0.41197519233182683	3558
rs11260698	1	5489465	T	C	3055	2887	1.058	1.006	1.113	4.75	0.0293	2.1926441444382068	5942
rs2071953	1	5495081	G	A	2849	2818	1.011	0.9597	1.065	0.1696	0.6805	0.4117617895834185	5667
rs2071959	1	5496007	A	G	2031	2021	1.005	0.9449	1.069	0.02468	0.8752	0.15853051951775654	4052
rs1573738	1	5501169	C	T	2597	2537	1.024	0.9691	1.081	0.7012	0.4024	0.8435756440354031	5134
rs9659669	1	5503339	G	A	3089	2931	1.054	1.002	1.109	4.147	0.04171	2.0374014820935904	6020
rs9729649	1	5512244	A	G	2000	1870	1.07	1.004	1.139	4.367	0.03664	2.082895809498257	3870
rs12729096	1	5515850	C	T	533	596	0.8943	0.7957	1.005	3.516	0.0608	-1.8743467171189148	1129
rs9660967	1	5521738	T	C	2201	2216	0.9932	0.9363	1.054	0.05094	0.8214	-0.2266847829912553	4417
rs2008457	1	5525155	A	G	1421	1490	0.9537	0.8868	1.026	1.636	0.2009	-1.2775527319403654	2911
rs7515958	1	5543790	G	A	2020	2046	0.9873	0.9284	1.05	0.1663	0.6835	-0.4072654534112321	4066
rs80317570	1	5553707	A	G	928	921	1.008	0.9198	1.104	0.0265	0.8707	0.1705590387897937	1849
rs11260644	1	5558122	T	C	2805	2801	1.001	0.9503	1.055	0.002854	0.9574	0.03769010478088322	5606
rs9439613	1	5563905	T	C	3013	3013	1.0	0.9508	1.052	0.0	1.0	0.0	6026
rs11583994	1	5576116	G	A	208	217	0.9585	0.7925	1.159	0.1906	0.6624	-0.4368350512917085	425
rs1775406	1	5576833	C	A	595	580	1.026	0.915	1.15	0.1915	0.6617	0.4393820120917139	1175
rs115387623	1	5581398	T	C	348	358	0.9721	0.8387	1.127	0.1416	0.7067	-0.37574002714637655	706
rs7549896	1	5582645	G	T	1299	1442	0.9008	0.8358	0.971	7.46	0.006307	-2.7340696929263335	2741
rs986073	1	5594225	T	C	317	369	0.8591	0.7393	0.9982	3.942	0.0471	-1.9820352520581064	686
rs77884292	1	5597236	A	G	168	182	0.9231	0.7485	1.138	0.56	0.4543	-0.748020342006375	350
rs1775415	1	5597741	G	T	1130	1142	0.9895	0.9114	1.074	0.06337999999999999	0.8012	-0.2516338995616499	2272
rs950601	1	5599527	T	G	2591	2572	1.007	0.9539	1.064	0.06992000000000001	0.7915	0.2523848236306326	5163
rs707582	1	5611726	G	A	3130	3217	0.973	0.9262	1.022	1.193	0.2748	-1.0883204337372936	6347
rs770718	1	5614374	T	C	2477	2395	1.034	0.9777	1.094	1.38	0.2401	1.1704851088652621	4872
rs9439585	1	5619308	T	C	2950	2888	1.021	0.9704	1.075	0.6584	0.4171	0.8013812534926973	5838
rs10157819	1	5620512	G	A	1981	2104	0.9415	0.8855	1.001	3.704	0.0543	-1.9267283322462443	4085
rs79319121	1	5623379	A	G	401	385	1.042	0.9056	1.198	0.3257	0.5682	0.5747575749427509	786
rs2173541	1	5624050	T	C	3247	3081	1.054	1.003	1.107	4.355	0.036910000000000005	2.0783782198161407	6328
rs770682	1	5629550	T	C	2641	2601	1.015	0.9619	1.072	0.3052	0.5806	0.5430827471880114	5242
rs80235251	1	5635664	A	G	482	509	0.947	0.836	1.073	0.7356	0.3911	-0.8561298879532973	991
rs77597942	1	5635918	G	T	536	530	1.011	0.8969	1.14	0.03377	0.8542	0.17905746147016882	1066
rs6690868	1	5641263	C	T	1753	1778	0.9859	0.923	1.053	0.177	0.674	-0.42218265265533167	3531
rs17028491	1	5643492	A	G	2389	2301	1.038	0.9805	1.099	1.651	0.1988	1.2827121816739888	4690
rs17028511	1	5644776	G	A	964	986	0.9777	0.8946	1.068	0.2482	0.6183	-0.4976315655371378	1950
rs12129885	1	5645859	T	C	1713	1746	0.9811	0.9178	1.0490000000000002	0.3148	0.5747	-0.5607407187692444	3459
rs971816	1	5647031	A	C	3095	3110	0.9952	0.9469	1.046	0.03626	0.8490000000000001	-0.1895599583329728	6205
rs4845812	1	5647756	T	C	2833	2765	1.025	0.9723	1.08	0.826	0.3634	0.916906368815543	5598
rs709183	1	5649668	T	C	1516	1464	1.036	0.9638	1.113	0.9074	0.3408	0.9595920195022696	2980
rs77980640	1	5650825	A	G	396	373	1.062	0.9217	1.223	0.6879	0.4069	0.8321136213294148	769
rs707590	1	5652771	A	G	2985	3152	0.947	0.9008	0.9956	4.544	0.033030000000000004	-2.1340066091404504	6137
rs770721	1	5662345	A	G	2381	2310	1.031	0.9734	1.091	1.075	0.2999	1.0408398034625712	4691
rs771071	1	5672413	A	G	1172	1148	1.021	0.9411	1.107	0.2483	0.6183	0.4998720020226734	2320
rs10492948	1	5678440	A	G	690	687	1.004	0.9037	1.116	0.006536	0.9356	0.07434083221700727	1377
rs1695616	1	5689166	G	A	2693	2662	1.012	0.9589	1.067	0.1795	0.6718	0.433789909255462	5355
rs2649070	1	5690065	C	T	2852	2779	1.026	0.974	1.081	0.9464	0.3306	0.9672585641736656	5631
rs2649074	1	5695368	C	T	2600	2537	1.025	0.9703	1.082	0.7726	0.3794	0.8824805882063894	5137
rs76470226	1	5700294	T	C	459	454	1.011	0.888	1.151	0.02738	0.8686	0.16529222875940494	913
rs770693	1	5705293	C	T	2897	2964	0.9774	0.9286	1.029	0.7659	0.3815	-0.8747763659665165	5861
rs75995367	1	5708319	A	G	286	302	0.947	0.8056	1.113	0.4354	0.5094	-0.6600270109270864	588
rs12126945	1	5708547	T	C	450	435	1.034	0.9068	1.18	0.2542	0.6141	0.4992236723149843	885
rs873982	1	5710205	C	A	2773	2681	1.034	0.9808	1.091	1.5519999999999998	0.2129	1.2406344703628633	5454
rs2649079	1	5710642	A	G	2260	2202	1.026	0.9678	1.088	0.7539	0.3852	0.8614876003519516	4462
rs116239429	1	5718740	A	G	319	319	1.0	0.8563	1.168	0.0	1.0	0.0	638
rs2244632	1	5720637	A	G	3038	3133	0.9697	0.9225	1.019	1.462	0.2265	-1.2085588801340903	6171
rs79895490	1	5722667	A	G	597	554	1.078	0.96	1.21	1.606	0.205	1.2698294046773537	1151
rs2649084	1	5724373	T	C	2240	2132	1.051	0.9902	1.115	2.668	0.1024	1.636076522159687	4372
rs2649083	1	5724385	G	A	3136	3025	1.037	0.9862	1.09	2.0	0.1573	1.4177457294423137	6161
rs11260678	1	5726805	T	C	2956	2970	0.9953	0.9459	1.047	0.03307	0.8557	-0.1813827935133965	5926
rs2842253	1	5737036	C	T	2351	2412	0.9747	0.9209	1.032	0.7812	0.3768	-0.8846001428153882	4763
rs2649063	1	5739571	G	A	2942	3124	0.9417	0.8955	0.9904	5.461	0.01945	-2.3404315575052292	6066
rs2649066	1	5742330	A	G	2930	3129	0.9364	0.8904	0.9848	6.5360000000000005	0.01057	-2.5569115683226125	6059
rs185185944	1	5751472	A	G	288	258	1.116	0.9436	1.321	1.648	0.1992	1.281923885196916	546
rs12060804	1	5754094	G	A	304	281	1.082	0.9199	1.272	0.9043	0.3416	0.9517467322872133	585
rs116726230	1	5755655	A	G	183	200	0.915	0.7488	1.118	0.7546	0.385	-0.8685822898551484	383
rs80030164	1	5756899	A	G	269	241	1.116	0.9381	1.328	1.537	0.215	1.238768796379213	510
rs28457723	1	5780121	G	A	654	662	0.9879	0.8867	1.101	0.04863	0.8255	-0.22077909079676675	1316
rs7416733	1	5799050	A	G	720	746	0.9651	0.8712	1.069	0.4611	0.4971	-0.6802077665469592	1466
rs4845818	1	5801045	A	G	2542	2569	0.9895	0.9367	1.045	0.1426	0.7057	-0.3772802794500495	5111
rs28722621	1	5803040	C	T	674	675	0.9985	0.8974	1.111	0.0007413	0.9783	-0.02756102507043603	1349
rs28507073	1	5805215	C	T	744	748	0.9947	0.8987	1.101	0.01072	0.9175	-0.10262518368716253	1492
rs7545456	1	5805868	T	C	603	633	0.9526	0.8521	1.065	0.7282	0.3935	-0.8536815077091241	1236
rs9725925	1	5819712	C	T	504	530	0.9509	0.8418	1.074	0.6538	0.4188	-0.8097297931160844	1034
rs9308476	1	5820406	C	A	2389	2459	0.9715	0.9183	1.028	1.011	0.3147	-1.0062916149716472	4848
rs9661840	1	5822273	C	T	2783	2864	0.9717	0.9223	1.024	1.162	0.2811	-1.078415225980706	5647
rs10864640	1	5822636	A	G	2648	2705	0.9789	0.9279	1.033	0.6069	0.4359	-0.7812004987109198	5353
rs75357895	1	5826500	A	G	282	308	0.9156	0.779	1.0759999999999998	1.146	0.2844	-1.069665863229561	590
rs12041519	1	5835134	A	G	3098	2991	1.036	0.985	1.089	1.88	0.1703	1.37318796696454	6089
rs1698976	1	5840735	T	C	3101	3002	1.033	0.9824	1.086	1.606	0.2051	1.2670397522142083	6103
rs11579662	1	5841915	T	C	1871	1921	0.974	0.9139	1.038	0.6593	0.4168	-0.8107092509963022	3792
rs74051373	1	5843414	T	C	848	901	0.9412	0.8569	1.034	1.606	0.205	-1.2657961249556704	1749
rs1765719	1	5845869	G	T	2744	2819	0.9734	0.9236	1.026	1.011	0.3146	-1.006206410610396	5563
rs11121402	1	5848734	T	C	2203	2233	0.9866	0.9302	1.046	0.2029	0.6524	-0.44918923658782883	4436
rs74051394	1	5851528	C	A	852	911	0.9352	0.8518	1.027	1.974	0.16	-1.4057578087679852	1763
rs12144662	1	5851606	C	T	383	414	0.9251	0.8051	1.063	1.206	0.2722	-1.0983003585269306	797
rs34378703	1	5852882	A	G	203	220	0.9227	0.7625	1.117	0.6832	0.4085	-0.8268633598171913	423
rs548726	1	5853561	T	C	2577	2617	0.9847	0.9326	1.04	0.308	0.5789	-0.5559127762801912	5194
rs10157281	1	5855602	A	G	1535	1577	0.9734	0.9073	1.044	0.5668	0.4515	-0.75142914121365	3112
rs17431299	1	5857671	G	A	406	380	1.068	0.9289	1.229	0.8601	0.3537	0.9240518047979761	786
rs116266615	1	5857776	A	G	248	267	0.9288	0.7814	1.104	0.701	0.4025	-0.8377545669052545	515
rs112282589	1	5859354	A	G	294	276	1.065	0.9039	1.255	0.5684	0.4509	0.7525735954803946	570
rs11121600	1	5860982	A	C	2058	2076	0.9913	0.9327	1.054	0.07837000000000001	0.7795	-0.2810700039933992	4134
rs56293443	1	5864821	A	G	1482	1512	0.9802	0.9124	1.053	0.3006	0.5835	-0.5468521647429121	2994
rs113445782	1	5867109	A	G	195	200	0.975	0.8005	1.188	0.06329	0.8014	-0.25163624479322044	395
rs11121921	1	5879777	G	A	1945	1893	1.027	0.9645	1.095	0.7045	0.4013	0.8316669156335547	3838
rs17472401	1	5880183	A	G	225	262	0.8588	0.7186	1.026	2.8110000000000004	0.09361	-1.6739475016555398	487
rs17432446	1	5892666	T	C	1472	1488	0.9892	0.9205	1.063	0.08649	0.7687	-0.29568316805612316	2960
rs12401883	1	5897541	T	C	1850	1856	0.9968	0.9346	1.063	0.009714	0.9215	-0.09749974667164514	3706
rs2312464	1	5900443	G	A	2936	3026	0.9703	0.9222	1.021	1.359	0.2438	-1.1622788385492724	5962
rs2134551	1	5901810	G	A	2018	1957	1.031	0.969	1.097	0.9361	0.3333	0.9648075659765969	3975
rs571655	1	5905395	T	C	156	156	1.0	0.8009999999999999	1.248	0.0	1.0	0.0	312
rs77453462	1	5910307	T	C	541	588	0.9201	0.8187	1.034	1.957	0.1619	-1.397811159774626	1129
rs12060900	1	5911254	A	G	1749	1738	1.006	0.9417	1.075	0.0347	0.8522	0.1775133127862103	3487
rs76978389	1	5917094	T	C	377	363	1.039	0.8992	1.2	0.2649	0.6068	0.518911133555626	740
rs12118405	1	5934274	T	C	296	286	1.035	0.8797	1.218	0.1718	0.6785	0.4147407590740036	582
rs72630632	1	5938034	T	C	374	413	0.9056	0.7873	1.042	1.933	0.1645	-1.3883216560121832	787
rs10779677	1	5947414	A	G	3107	3046	1.02	0.9703	1.072	0.6047	0.4368	0.7769995195554665	6153
rs116716786	1	5948614	T	C	185	208	0.8894	0.7296	1.084	1.346	0.246	-1.1599461358353262	393
rs17028948	1	5956601	G	A	240	275	0.8727	0.7340000000000001	1.038	2.379	0.123	-1.5419225551573155	515
rs115476343	1	5968161	G	A	354	346	1.023	0.8822	1.187	0.09143	0.7624	0.3009900388818299	700
rs115443813	1	5969967	A	G	262	277	0.9458	0.7989	1.12	0.4174	0.5182	-0.647051784429512	539
rs4908458	1	5973913	T	C	988	962	1.027	0.9398	1.122	0.3467	0.556	0.5885057152695071	1950
rs78708894	1	5983870	G	A	509	471	1.081	0.9534	1.225	1.473	0.2248	1.215356482558034	980
rs12142270	1	5986204	A	G	348	284	1.225	1.048	1.433	6.481	0.0109	2.548834056690496	632
rs12124590	1	6000178	T	C	2265	2209	1.025	0.967	1.087	0.7009	0.4025	0.8308673377158591	4474
rs945613	1	6013477	A	G	2332	2349	0.9928	0.9375	1.051	0.06174	0.8038	-0.24711981329307228	4681
rs905463	1	6013790	A	G	1536	1472	1.043	0.9715	1.121	1.362	0.2432	1.1619811118083978	3008
rs4908483	1	6014342	A	G	478	441	1.084	0.9523	1.234	1.49	0.2223	1.2204565902618112	919
rs4908696	1	6014374	G	A	1718	1745	0.9845	0.9211	1.052	0.2105	0.6464	-0.4599680483732955	3463
rs1295107	1	6019332	A	G	2926	2961	0.9882	0.939	1.04	0.2081	0.6483	-0.4555650689498768	5887
rs115572062	1	6024764	A	G	152	159	0.956	0.7654	1.194	0.1576	0.6914	-0.39663203353870286	311
rs72630663	1	6031377	A	G	1926	1973	0.9762	0.9168	1.039	0.5666	0.4516	-0.7520465105006113	3899
rs1295094	1	6035139	A	G	1893	1895	0.9989	0.9373	1.065	0.001056	0.9741	-0.03389070806893993	3788
rs1295087	1	6040253	A	G	2090	2086	1.002	0.9429	1.065	0.003831	0.9506	0.06441666065611563	4176
rs4908738	1	6045094	A	G	281	290	0.969	0.8223	1.142	0.1419	0.7064	-0.375986617948059	571
rs11589347	1	6051697	A	G	446	447	0.9978	0.8751	1.138	0.00112	0.9733	-0.03289837572279752	893
rs114203928	1	6055301	T	C	249	229	1.087	0.9087	1.301	0.8368	0.3603	0.9126179719110231	478
rs3789553	1	6057111	G	A	2348	2372	0.9899	0.935	1.048	0.122	0.7268	-0.34871284961749544	4720
rs72630676	1	6069894	A	G	472	482	0.9793	0.8625	1.112	0.1048	0.7461	-0.3228100496039813	954
rs11121183	1	6079109	G	T	2650	2507	1.057	1.001	1.116	3.965	0.04645	1.9959881182936918	5157
rs11583500	1	6080480	G	A	2506	2653	0.9446	0.8944	0.9976	4.189	0.0407	-2.045611692443617	5159
rs2294936	1	6085305	A	G	2789	2813	0.9915	0.9409	1.045	0.1028	0.7485	-0.31940708621993763	5602
rs7512313	1	6085405	T	G	2461	2477	0.9935	0.9396	1.051	0.05184	0.8199	-0.2291435822855093	4938
rs3747980	1	6085623	G	A	1429	1395	1.024	0.9515	1.103	0.4093	0.5223	0.6330253421735846	2824
rs2273042	1	6089062	A	G	1029	1124	0.9155	0.8412	0.9963	4.192	0.04062	-2.04438269994826	2153
rs3789529	1	6093465	G	A	2995	3017	0.9927	0.9438	1.044	0.08051	0.7766	-0.28428586117078725	6012
rs3810992	1	6102541	C	T	614	626	0.9808	0.8775	1.096	0.1161	0.7333	-0.3414269871946615	1240
rs3810988	1	6103969	T	C	525	529	0.9924	0.8796	1.12	0.01518	0.9019	-0.12392688562732969	1054
rs12094320	1	6107134	C	T	1776	1747	1.017	0.9516	1.086	0.2387	0.6251	0.49708340141211405	3523
rs12142108	1	6110928	A	G	2695	2823	0.9547	0.9056	1.006	2.969	0.08486	-1.7208877593350858	5518
rs1883767	1	6115429	A	G	2169	2245	0.9661	0.9108	1.025	1.3090000000000002	0.2527	-1.1467889396896251	4414
rs2843494	1	6123866	C	T	1060	1015	1.044	0.9582	1.138	0.9759	0.3232	0.9841222885675186	2075
rs2235790	1	6131572	T	C	671	638	1.052	0.9437	1.172	0.8319	0.3617	0.9145658701516197	1309
rs78406496	1	6139864	A	G	1392	1402	0.9929	0.9219	1.069	0.035789999999999995	0.8499	-0.1882333906095502	2794
rs12067480	1	6145289	T	C	1447	1531	0.9451	0.8796	1.016	2.369	0.1237	-1.5408677965298259	2978
rs72632532	1	6145321	T	C	285	272	1.048	0.8874	1.237	0.3034	0.5818	0.5524236910118698	557
rs72632545	1	6151762	G	A	797	805	0.9901	0.8977	1.092	0.03995	0.8416	-0.19904752690466368	1602
rs61760800	1	6156720	A	G	1318	1338	0.9851	0.9129	1.063	0.1506	0.698	-0.38656052669800123	2656
rs731975	1	6162441	C	A	1905	1885	1.011	0.9483	1.077	0.1055	0.7453	0.33490844487701915	3790
rs114162822	1	6166880	A	G	296	333	0.8889	0.7601	1.04	2.176	0.1401	-1.4746263386514273	629
rs61062646	1	6168723	A	G	694	686	1.012	0.9103	1.124	0.046380000000000005	0.8295	0.22075422167662498	1380
rs3789521	1	6198983	A	G	544	512	1.062	0.9417	1.199	0.9697	0.3248	0.9806961131390367	1056
rs12070387	1	6207471	T	C	402	398	1.01	0.8793	1.16	0.02	0.8875	0.1407325918235431	800
rs55823245	1	6213146	T	C	199	216	0.9213	0.7599	1.117	0.6964	0.404	-0.8341707448931949	415
rs68032129	1	6216501	T	C	306	298	1.027	0.8754	1.204	0.106	0.7448	0.326943395902481	604
rs846111	1	6219310	C	G	2231	2207	1.011	0.9531	1.072	0.1298	0.7187	0.36358017828723493	4438
rs75967030	1	6228323	G	A	149	151	0.9868	0.7869	1.237	0.013330000000000002	0.9081	-0.11505371310806779	300
rs114217031	1	6235565	A	G	412	398	1.035	0.902	1.188	0.242	0.6228	0.4902262971449293	810
rs9970334	1	6236178	G	T	2799	3038	0.9213	0.8752	0.9699	9.786	0.0017579999999999998	-3.1297499263885418	5837
rs56064414	1	6240335	C	T	388	375	1.035	0.8978	1.192	0.2215	0.6379	0.4741374772422485	763
rs72632572	1	6243323	T	C	330	319	1.034	0.8869	1.207	0.1864	0.6659	0.4270369648817224	649
rs12240078	1	6246852	C	T	907	852	1.065	0.9695	1.169	1.72	0.1897	1.3137959268534558	1759
rs12744452	1	6248635	A	G	2689	2621	1.026	0.9722	1.083	0.8708	0.3507	0.9340401077297833	5310
rs74049515	1	6255065	A	G	226	217	1.041	0.8645	1.255	0.1828	0.6689	0.4239092716267309	443
rs114076019	1	6257525	T	C	235	257	0.9144	0.7661	1.091	0.9837	0.3213	-0.991181073938801	492
rs4908543	1	6257923	T	C	2793	2706	1.032	0.979	1.088	1.376	0.2407	1.1709918445329115	5499
rs55980313	1	6263050	C	T	224	220	1.018	0.8453	1.226	0.03604	0.8494	0.18808801407955048	444
rs77556705	1	6279085	A	G	201	203	0.9901	0.8147	1.203	0.009901	0.9207	-0.10001071047148768	404
rs12073007	1	6283654	C	A	537	569	0.9438	0.8388	1.062	0.9259	0.3359	-0.9612214339443973	1106
rs35587207	1	6287089	T	C	1057	1140	0.9272	0.8528	1.008	3.136	0.0766	-1.7711744035194958	2197
rs3789500	1	6292024	A	G	707	744	0.9503	0.8573	1.053	0.9435	0.3314	-0.9701543168473081	1451
rs7519033	1	6298835	A	G	924	991	0.9324	0.8525	1.02	2.344	0.1258	-1.5312981639964258	1915
rs60138626	1	6303103	T	G	585	582	1.005	0.8962	1.127	0.007712	0.93	0.08531722872812125	1167
rs34853430	1	6328257	A	G	223	231	0.9654	0.8031	1.16	0.141	0.7073	-0.3749634352349671	454
rs77561556	1	6333061	A	G	1504	1565	0.961	0.8954	1.032	1.212	0.2708	-1.1027757428613443	3069
rs3827718	1	6350964	A	G	540	589	0.9168	0.8158	1.03	2.127	0.1448	-1.4586793610972446	1129
rs59626239	1	6360765	A	G	473	439	1.077	0.9462	1.227	1.268	0.2602	1.1228824430732474	912
rs75126985	1	6365289	T	C	587	551	1.065	0.9484	1.197	1.139	0.2859	1.064481606534031	1138
rs114452454	1	6390246	T	C	195	205	0.9512	0.7819	1.157	0.25	0.6171	-0.5003157425320992	400
rs115632294	1	6397845	G	A	219	225	0.9733	0.8081	1.172	0.08108	0.7758	-0.28516911583498694	444
rs17026985	1	6404994	A	G	457	507	0.9014	0.7943	1.023	2.593	0.1073	-1.6085341936139788	964
rs6667766	1	6415544	A	G	1006	1087	0.9255	0.8494	1.008	3.135	0.07664	-1.7685142873642217	2093
rs77028675	1	6426130	A	G	912	965	0.9451	0.8633	1.035	1.497	0.2212	-1.222493564671823	1877
rs2103673	1	6434339	T	C	1601	1637	0.978	0.9129	1.048	0.4002	0.527	-0.6329745823994258	3238
rs11800462	1	6464441	C	T	831	857	0.9697	0.8814	1.067	0.4005	0.5268	-0.6316439293075928	1688
rs61740145	1	6471064	C	T	764	817	0.9351	0.8473	1.032	1.777	0.1826	-1.333887755623009	1581
rs72634726	1	6489855	G	T	134	156	0.8590000000000001	0.6819	1.082	1.669	0.1964	-1.2902184869017317	290
rs75725904	1	6492469	G	A	697	755	0.9232	0.8329	1.023	2.317	0.128	-1.521605732294526	1452
rs2986746	1	6501240	A	G	800	774	1.034	0.9363	1.141	0.4295	0.5122	0.6602462751994908	1574
rs2986747	1	6502724	G	A	1866	1976	0.9443	0.8864	1.006	3.149	0.07595	-1.7752543692788738	3842
rs3007434	1	6503007	A	G	1109	1110	0.9991	0.9193	1.086	0.0004507	0.9831	-0.02120067494207771	2219
rs6663548	1	6504081	T	G	1589	1672	0.9504	0.8873	1.018	2.113	0.1461	-1.4513835646346718	3261
rs4908554	1	6508327	T	C	2841	2983	0.9524	0.9047	1.003	3.462	0.06279	-1.8603800469178284	5824
rs3935435	1	6512115	A	G	2210	2178	1.015	0.9564	1.077	0.2334	0.629	0.4907151635653296	4388
rs4243830	1	6517811	C	T	1364	1304	1.046	0.9695	1.129	1.349	0.2454	1.1606309503821097	2668
rs4908909	1	6538981	C	T	1412	1360	1.038	0.9637	1.118	0.9755	0.3233	0.9842296126100297	2772
rs12742808	1	6554466	G	A	239	258	0.9264	0.7769	1.105	0.7264	0.3941	-0.8513925569049324	497
rs80129059	1	6565360	T	C	301	325	0.9262	0.7918	1.083	0.9201	0.3374	-0.9584275010302975	626
rs4908930	1	6569214	G	A	3014	2919	1.033	0.9813	1.086	1.521	0.2174	1.2393928773348835	5933
rs11587438	1	6571371	C	T	1625	1512	1.075	1.002	1.153	4.07	0.04364	2.0156873883773914	3137
rs75256375	1	6589543	A	G	343	344	0.9971	0.8586	1.158	0.001456	0.9696	-0.038063104774907	687
rs1801789	1	6590764	T	C	324	347	0.9337	0.8025	1.086	0.7884	0.3746	-0.8879488855359391	671
rs11591172	1	6594363	T	C	443	444	0.9977	0.8747	1.138	0.001127	0.9732	-0.034302160360467564	887
rs2232463	1	6595384	T	C	317	328	0.9665	0.8282	1.128	0.1876	0.6649	-0.4324707631019565	645
rs7521134	1	6597180	T	C	2672	2752	0.9709	0.9206	1.024	1.18	0.2774	-1.0880578548904776	5424
rs9660507	1	6605206	T	C	280	278	1.007	0.8532	1.189	0.007168000000000002	0.9325	0.08249341226015956	558
rs116631064	1	6613610	T	G	147	157	0.9363	0.7477	1.172	0.3289	0.5663	-0.573527547547572	304
rs116556071	1	6627688	T	C	298	287	1.038	0.883	1.221	0.2068	0.6493	0.4519978232705997	585
rs75004575	1	6639267	T	C	228	232	0.9828	0.8186	1.18	0.03478	0.8521	-0.1860143148089433	460
rs200458	1	6644575	A	G	1128	1095	1.03	0.9479	1.119	0.4899	0.484	0.6974682927198088	2223
rs12145525	1	6651086	C	T	2806	2881	0.974	0.9246	1.026	0.9891	0.32	-0.9920096121619971	5687
rs17365584	1	6652712	T	C	296	324	0.9136	0.7804	1.07	1.265	0.2608	-1.1238950407395842	620
rs41310355	1	6653165	G	A	280	281	0.9964	0.8445	1.176	0.001783	0.9663	-0.04273614513476004	561
rs116345233	1	6657503	A	G	340	340	1.0	0.8604	1.162	0.0	1.0	0.0	680
rs75305802	1	6683003	C	T	262	264	0.9924	0.8365	1.177	0.007605	0.9305	-0.08749512430895781	526
rs115115600	1	6696614	C	T	311	298	1.044	0.8903	1.223	0.2775	0.5983	0.529942036165431	609
rs447558	1	6735170	T	C	3034	2983	1.017	0.967	1.07	0.4323	0.5109	0.6553737969105198	6017
rs378930	1	6766407	A	G	2786	2832	0.9838	0.9336	1.037	0.3766	0.5394	-0.6112130242217618	5618
rs75087584	1	6773493	T	G	1511	1483	1.019	0.9484	1.095	0.2619	0.6088	0.5137923318995435	2994
rs11122144	1	6775701	A	G	1666	1559	1.069	0.9973	1.145	3.55	0.05954	1.8836732764186315	3225
rs1542899	1	6793295	G	A	1117	1026	1.089	1.0	1.185	3.864	0.04933	1.96	2143
rs17029864	1	6803282	A	G	1967	1826	1.077	1.011	1.148	5.2410000000000005	0.02205	2.2990649304592456	3793
rs17441010	1	6811696	G	A	541	539	1.004	0.8909	1.131	0.003704	0.9515	0.06546755069700265	1080
rs659459	1	6813872	C	T	2356	2380	0.9899	0.9351	1.048	0.1216	0.7273	-0.3493676907301063	4736
rs116179833	1	6835324	C	T	286	256	1.117	0.9438	1.3219999999999998	1.661	0.1975	1.2871409090583585	542
rs7521838	1	6836274	G	A	340	301	1.13	0.9673	1.319	2.373	0.1235	1.5408468269835087	641
rs72638520	1	6853421	G	T	723	766	0.9439	0.8527	1.045	1.242	0.2651	-1.1136500255282364	1489
rs76259711	1	6860330	C	T	231	243	0.9506	0.7939	1.138	0.3038	0.5815	-0.5512359144988066	474
rs6688732	1	6869700	A	G	2867	2690	1.0659999999999998	1.011	1.123	5.638	0.017580000000000002	2.3647746276670856	5557
rs117971591	1	6883402	T	C	306	275	1.113	0.9455	1.31	1.654	0.1984	1.2865431379389713	581
rs11586867	1	6912333	C	T	3048	3119	0.9772	0.9297	1.027	0.8174	0.3659	-0.9072020611317363	6167
rs4908427	1	6916166	G	A	1469	1438	1.022	0.9499	1.099	0.3306	0.5653	0.5830028964440389	2907
rs10864247	1	6922290	G	A	2587	2650	0.9762	0.9247	1.031	0.7579	0.384	-0.8711017418580173	5237
rs72638543	1	6935462	T	C	416	449	0.9265	0.8108	1.0590000000000002	1.259	0.2618	-1.121717263509444	865
rs72638547	1	6941018	T	C	2234	2235	0.9996	0.9426	1.06	0.0002238	0.9881	-0.013355719824920786	4469
rs6659444	1	6943505	T	C	839	852	0.9847	0.8952	1.083	0.09994	0.7519	-0.31713523781238967	1691
rs11120796	1	6954270	A	G	2867	2877	0.9965	0.9463	1.0490000000000002	0.01741	0.895	-0.1329483473193226	5744
rs17030082	1	6969202	A	G	3114	3128	0.9955	0.9473	1.046	0.0314	0.8594	-0.17811870018150575	6242
rs6681529	1	6992506	G	A	2841	2994	0.9489	0.9014	0.9989	4.012	0.04518	-2.001889386905092	5835
rs112136069	1	6995870	G	A	288	250	1.152	0.9725	1.365	2.684	0.1014	1.6373322642492756	538
rs60710399	1	6997278	T	C	1917	1825	1.05	0.9852	1.12	2.262	0.1326	1.501217511278125	3742
rs7555853	1	7009694	T	G	599	604	0.9917	0.8857	1.11	0.02078	0.8854	-0.14451122255163326	1203
rs75110660	1	7012269	A	G	579	502	1.153	1.023	1.3	5.485	0.019180000000000003	2.3325673420394906	1081
rs6685802	1	7014696	A	G	531	457	1.162	1.025	1.317	5.542999999999998	0.01856	2.3457911757091434	988
rs72638600	1	7017158	T	C	635	699	0.9084	0.8159	1.011	3.07	0.07973	-1.7533554148568316	1334
rs78342053	1	7021006	T	C	326	274	1.19	1.013	1.3969999999999998	4.507	0.033760000000000005	2.117204795507459	600
rs11120820	1	7027679	A	G	1735	1674	1.036	0.9691	1.108	1.092	0.2961	1.0384240814254746	3409
rs4243823	1	7028795	A	G	3189	3106	1.027	0.9772	1.079	1.094	0.2955	1.0505436094865186	6295
rs7553111	1	7036212	T	C	590	541	1.091	0.9705	1.226	2.123	0.1451	1.4585414546680588	1131
rs78524924	1	7036217	A	G	227	220	1.032	0.8572	1.242	0.1096	0.7406	0.33266782559646024	447
rs77979322	1	7041605	C	T	323	313	1.032	0.8834	1.206	0.1572	0.6917	0.39708667729195335	636
rs12025462	1	7047605	G	A	2697	2592	1.041	0.9859	1.098	2.085	0.1488	1.4482017272463348	5289
rs6577410	1	7052330	T	C	2721	2792	0.9746	0.9244	1.027	0.9144	0.339	-0.953574579119649	5513
rs61780952	1	7055531	A	G	543	503	1.08	0.9562	1.219	1.53	0.2162	1.2389700382662836	1046
rs72640038	1	7055888	A	G	265	278	0.9532	0.8056	1.128	0.3112	0.5769	-0.5584004747551796	543
rs4908595	1	7059142	T	C	2723	2757	0.9877	0.9367	1.041	0.2109	0.6459999999999999	-0.4575508379311234	5480
rs7521119	1	7061734	A	G	2706	2753	0.9829	0.9321	1.036	0.4047	0.5247	-0.6370379405298269	5459
rs555505816	1	7062666	T	C	1317	1343	0.9806	0.9089	1.058	0.2541	0.6142	-0.5057013044496457	2660
rs11120828	1	7062786	A	G	256	301	0.8505	0.72	1.005	3.636	0.05656	-1.9053755342304715	557
rs6662527	1	7069328	C	T	2947	3138	0.9391	0.8931	0.9876	5.995	0.01434	-2.4521090528084653	6085
rs74891443	1	7071012	G	T	1658	1681	0.9863	0.9216	1.056	0.1584	0.6906	-0.3984955240966618	3339
rs11120831	1	7071132	G	A	2907	2840	1.024	0.972	1.078	0.7811	0.3768	0.8919408848339525	5747
rs115777418	1	7081025	A	G	600	620	0.9677	0.865	1.083	0.3279	0.5669	-0.5735937961021096	1220
rs17345768	1	7088584	G	A	138	120	1.15	0.9004	1.469	1.256	0.2624	1.11956645591481	258
rs2071917	1	7090467	G	A	3244	3045	1.065	1.014	1.119	6.2970000000000015	0.0121	2.5153014549518953	6289
rs2071918	1	7090517	T	C	1419	1463	0.9699	0.9016	1.043	0.6718	0.4124	-0.820329629232736	2882
rs72640073	1	7091419	C	T	1773	1653	1.073	1.003	1.147	4.203	0.04035	2.0470284681308706	3426
rs182840884	1	7091933	T	G	285	295	0.9661	0.821	1.137	0.1724	0.6779999999999999	-0.41535321978122086	580
rs11120840	1	7096022	G	T	2977	2956	1.007	0.9571	1.06	0.07433	0.7851	0.2690159826689598	5933
rs11120841	1	7097341	G	A	2906	2785	1.043	0.9906	1.099	2.573	0.1087	1.6008786241947346	5691
rs75988591	1	7101960	A	G	639	633	1.009	0.9044	1.127	0.0283	0.8664	0.1604583954002538	1272
rs72640096	1	7107613	T	C	791	890	0.8888	0.8076	0.9781	5.83	0.01575	-2.411668608663069	1681
rs9434469	1	7117684	T	C	2875	2943	0.9769	0.928	1.028	0.7948	0.3727	-0.8920126534511109	5818
rs7532024	1	7119419	T	C	2842	2772	1.025	0.973	1.08	0.8728	0.3502	0.9295808594765278	5614
rs4908443	1	7119661	T	C	2380	2384	0.9983	0.9432	1.057	0.0033590000000000004	0.9538	-0.058737244153824024	4764
rs74051131	1	7121132	G	A	455	450	1.011	0.8876	1.152	0.02762	0.868	0.16472012743885564	905
rs115093263	1	7123059	T	C	216	219	0.9863	0.8173	1.19	0.02069	0.8856	-0.14385213509274067	435
rs12032971	1	7130746	G	A	503	487	1.033	0.9119	1.17	0.2586	0.6111	0.5103424773982265	990
rs11120861	1	7136065	G	A	2742	2785	0.9846	0.934	1.038	0.3345	0.563	-0.5765616117542702	5527
rs4908600	1	7136599	T	C	2415	2355	1.025	0.9689	1.085	0.7547	0.385	0.8598426670428286	4770
rs6681261	1	7150372	T	C	248	240	1.033	0.8653	1.234	0.1311	0.7172	0.35922696692431083	488
rs17030384	1	7150914	A	G	748	804	0.9303	0.8422	1.028	2.021	0.1552	-1.4233287017318685	1552
rs9434482	1	7151280	T	G	2421	2433	0.9951	0.9406	1.053	0.02967	0.8632	-0.1709287462521382	4854
rs9434483	1	7157667	G	A	2557	2500	1.023	0.9679	1.081	0.6425	0.4228	0.8049958941210759	5057
rs10779676	1	7157846	T	C	2645	2722	0.9717	0.9211	1.025	1.105	0.2932	-1.0521610460175286	5367
rs4908602	1	7160910	A	G	3028	3030	0.9993	0.9503	1.051	0.0006603	0.9795	-0.027298207357405298	6058
rs4908445	1	7181463	G	A	2808	2775	1.012	0.9602	1.0659999999999998	0.1951	0.6587	0.4449751814401883	5583
rs11120876	1	7192306	T	C	1854	1859	0.9973	0.9352	1.064	0.006732999999999999	0.9346	-0.08242427678813403	3713
rs72641234	1	7192994	A	G	1557	1469	1.06	0.987	1.138	2.559	0.1097	1.6005665213319904	3026
rs184806612	1	7193366	C	A	423	406	1.042	0.9092	1.194	0.3486	0.5549	0.5914835243240264	829
rs58258089	1	7199082	G	T	305	303	1.007	0.8586	1.18	0.006579000000000001	0.9354	0.08575799410336676	608
rs4908448	1	7209223	C	T	3163	3077	1.028	0.9782	1.08	1.185	0.2763	1.0900073034620503	6240
rs78437889	1	7214859	T	C	1856	1809	1.026	0.9616	1.095	0.6027	0.4375	0.7760771491816397	3665
rs116808675	1	7223726	G	A	320	328	0.9756	0.8364	1.138	0.09877	0.7533	-0.3145077852550381	648
rs114699405	1	7239832	T	C	206	232	0.8879	0.736	1.071	1.543	0.2141	-1.2420066039665598	438
rs4908610	1	7251200	C	A	3081	2989	1.031	0.9802	1.084	1.394	0.2377	1.1842427501413053	6070
rs6698548	1	7257481	A	G	3004	2954	1.017	0.9666	1.07	0.4196	0.5171	0.6500390660651479	5958
rs10864289	1	7258388	T	C	2409	2342	1.029	0.9717	1.089	0.9449	0.331	0.9779353895272719	4751
rs61780041	1	7264522	A	G	641	653	0.9816	0.8803	1.095	0.1113	0.7387	-0.3341859756685359	1294
rs60130788	1	7265195	G	A	2407	2420	0.9946	0.9401	1.052	0.03501	0.8516	-0.18832036685838696	4827
rs11583441	1	7267659	C	T	664	620	1.071	0.9599	1.195	1.508	0.2195	1.2275671137825521	1284
rs2412148	1	7271000	T	C	1582	1624	0.9741	0.909	1.044	0.5502	0.4582	-0.7435854783482875	3206
rs2412147	1	7271287	A	G	2511	2545	0.9866	0.9337	1.043	0.2286	0.6325	-0.4798003271536874	5056
rs7539460	1	7278646	G	A	2098	2066	1.015	0.9556	1.079	0.2459	0.62	0.48390571333419	4164
rs116410651	1	7280019	T	C	133	146	0.911	0.7202	1.152	0.6057	0.4364	-0.777384794604254	279
rs2001142	1	7288883	T	C	2257	2265	0.9965	0.94	1.056	0.01415	0.9053	-0.11773376206403419	4522
rs1894654	1	7291374	C	T	2630	2576	1.021	0.967	1.078	0.5601	0.4542	0.749618780015299	5206
rs11120896	1	7301278	A	G	2431	2405	1.011	0.9554	1.069	0.1398	0.7085	0.37907253107194705	4836
rs12128469	1	7315198	T	C	2612	2530	1.032	0.9775	1.09	1.308	0.2528	1.1378977613887828	5142
rs7543711	1	7319138	T	C	2532	2565	0.9871	0.9344	1.043	0.2137	0.6439	-0.4638237722124379	5097
rs12041403	1	7334668	T	C	3133	3054	1.026	0.976	1.078	1.009	0.3152	1.006972402852095	6187
rs74898392	1	7340669	T	C	193	173	1.116	0.9086	1.37	1.093	0.2958	1.0462570462830745	366
rs705681	1	7342420	C	T	3019	3002	1.006	0.9561	1.058	0.048	0.8266	0.2304648104450754	6021
rs705680	1	7342442	T	C	2692	2711	0.993	0.9414	1.047	0.06681000000000001	0.7959999999999999	-0.2580133281953641	5403
rs79870386	1	7345115	G	A	282	271	1.041	0.8808	1.229	0.2188	0.64	0.4712941483127778	553
rs34754584	1	7348879	T	C	356	332	1.072	0.9234	1.245	0.8372	0.3602	0.9132297939113524	688
rs61782274	1	7352585	G	T	920	947	0.9715	0.8872	1.064	0.3905	0.5321	-0.6243355732916713	1867
rs72642818	1	7353036	A	G	195	179	1.089	0.8893	1.334	0.6845	0.408	0.8249032125857763	374
rs79099964	1	7382391	A	G	132	180	0.7333	0.5858	0.918	7.385	0.0065780000000000005	-2.7072861977510936	312
rs114873015	1	7386896	T	G	587	647	0.9073	0.8114	1.015	2.917	0.08763	-1.7068260480383568	1234
rs2040433	1	7388094	C	T	1929	1967	0.9807	0.921	1.044	0.3706	0.5427	-0.6081817308308172	3896
rs7535846	1	7411097	T	C	2876	2915	0.9866	0.9371	1.039	0.2626	0.6083	-0.5136807514715616	5791
rs11120917	1	7418016	T	C	2774	2685	1.033	0.9798	1.089	1.4509999999999998	0.2284	1.203534681915607	5459
rs4908637	1	7422697	A	G	749	738	1.015	0.9168	1.124	0.08137	0.7754	0.28678503097761865	1487
rs61772205	1	7429688	G	A	2805	2791	1.005	0.9537	1.0590000000000002	0.03503	0.8515	0.18657945698823383	5596
rs75562159	1	7444081	A	C	351	354	0.9915	0.8554	1.149	0.01277	0.91	-0.11331687698840491	705
rs78786925	1	7451916	C	T	576	613	0.9396	0.8386	1.053	1.151	0.2833	-1.073773852073072	1189
rs6577445	1	7452965	C	T	2478	2620	0.9458	0.8953	0.9992	3.955	0.04672	-1.9904284346008365	5098
rs1193247	1	7453192	T	C	2125	2155	0.9861	0.9287	1.047	0.2103	0.6465	-0.45746538505972495	4280
rs61772213	1	7453234	T	C	1839	1637	1.123	1.051	1.2009999999999998	11.74	0.0006121000000000001	3.4313578280535846	3476
rs67725975	1	7457887	T	C	1489	1416	1.052	0.9778	1.131	1.834	0.1756	1.3584098786873506	2905
rs17030902	1	7458638	C	T	427	396	1.078	0.9405	1.236	1.168	0.2799	1.0788527401478056	823
rs1750837	1	7460541	C	T	3099	3083	1.005	0.9563	1.057	0.04141	0.8387	0.19680602384576049	6182
rs1725233	1	7460569	T	C	2630	2757	0.9539	0.9043	1.006	2.994	0.08357	-1.732378851807201	5387
