snpid	CHR	POS	A1	A2	INFO	OR	SE	P	Zscore	N
rs6980591	8	102132364	A	C	0.997	1.04498	0.0167	0.008388	2.634595597463782	46350
rs35465599	8	103657314	T	C	0.905	1.02296	0.0417	0.5858	0.5443737534958241	46350
rs77519446	8	101150009	A	G	0.8029999999999999	0.9429	0.0489	0.2294	-1.2023526893763903	46350
rs77635126	8	99151856	T	G	0.758	1.11717	0.0568	0.05088	1.950681371160894	46350
rs4734668	8	102779441	T	C	0.996	0.98965	0.0138	0.4531	-0.7539082402458629	46350
rs79270341	8	101088450	T	C	0.748	1.08058	0.0437	0.07657	1.773408101152948	46350
rs73701145	8	106335022	A	G	0.972	0.98177	0.0494	0.7089	-0.37243348069721344	46350
rs7841955	8	102933632	A	G	0.998	0.98797	0.0141	0.3918	-0.8583649693436701	46350
rs117975900	8	101182879	A	C	0.863	0.91238	0.048	0.05584	-1.910389771303947	46350
rs73697224	8	104811941	T	C	0.998	1.0694	0.0252	0.007819	2.6626088703370656	46350
rs17357932	8	107167853	A	G	0.782	1.01187	0.0858	0.8903	0.13753035099942446	46350
rs12675408	8	107673389	T	C	0.984	0.9658	0.014	0.012980000000000002	-2.485607538763967	46350
rs7819944	8	105295296	T	C	1.0	1.002	0.0153	0.8964	0.13058840932503646	46350
rs77378490	8	99684064	T	C	0.871	0.99094	0.0475	0.8482	-0.19160613450953567	46350
rs12680071	8	99838184	A	G	1.01	1.02583	0.0187	0.1739	1.3637455086814616	46350
rs76630176	8	104822022	A	G	0.862	1.07433	0.0472	0.1291	1.5190087173946885	46350
rs62518280	8	106881694	A	G	0.988	0.8887	0.0591	0.04587	-1.9965407485229691	46350
rs284489	8	104945792	A	G	1.0	0.97981	0.0145	0.1594	-1.406662321739437	46350
rs34297576	8	108261521	A	G	0.998	0.95466	0.0439	0.2904	-1.0569481283443498	46350
rs7816300	8	108775627	T	C	0.999	1.00541	0.0151	0.7194	0.3573124845634129	46350
rs9297357	8	105130105	T	C	1.0	1.0284	0.0153	0.06707	1.8303396346142056	46350
rs78221875	8	99677777	A	G	0.861	0.95945	0.0468	0.3762	-0.8845101574014032	46350
rs62514883	8	106617037	T	C	0.996	1.14236	0.0524	0.0111	2.540005686728551	46350
rs116702656	8	104531714	T	C	0.828	1.13021	0.0693	0.07727	1.7662836387585645	46350
rs35422243	8	105882267	T	C	0.968	0.91989	0.0531	0.1159	-1.5725269548951561	46350
rs55780313	8	103103286	A	G	0.918	0.95705	0.0248	0.07724	-1.7701468665329987	46350
rs117223609	8	99117692	A	G	0.856	0.95724	0.0705	0.5358	-0.6198742591645195	46350
rs117985903	8	102425292	T	G	0.972	1.01116	0.0196	0.5720000000000001	0.5662340135731332	46350
rs2131860	8	103316081	A	G	1.0	0.96108	0.0197	0.04404	-2.015107962362731	46350
rs3134373	8	100903082	A	G	0.993	1.03159	0.0139	0.02513	2.2375036905286207	46350
rs150771034	8	102560798	A	C	0.955	1.01684	0.0594	0.7789	0.28114106435039454	46350
rs7839884	8	101959951	A	G	1.0	0.98876	0.0141	0.4229	-0.8016770334320634	46350
rs4734648	8	102623766	A	G	1.0	1.01613	0.0172	0.3524	0.9303077748220917	46350
rs10955309	8	103129709	A	G	1.01	0.98216	0.0178	0.3138	-1.011295006154637	46350
rs117104156	8	104668199	T	C	0.85	1.02204	0.0658	0.7398	0.3313165647242071	46350
rs9297295	8	100370771	T	C	0.998	1.00461	0.0146	0.7536	0.31502784211613427	46350
rs12542896	8	107272682	T	C	0.962	0.99591	0.0248	0.8674	-0.16525753734529788	46350
rs2032208	8	102162114	A	G	0.722	0.92054	0.0775	0.2854	-1.068320317534388	46350
rs678839	8	102900286	T	C	1.01	1.00321	0.0153	0.8339	0.2094679051576012	46350
rs79255163	8	99542731	T	C	0.7440000000000001	0.97658	0.0696	0.7333	-0.34049722382007647	46350
rs1460583	8	105096365	T	C	0.994	0.97932	0.0147	0.1553	-1.4215527695908352	46350
rs2458286	8	102966471	T	C	0.989	0.99322	0.0147	0.6421	-0.4627951441999386	46350
rs79983892	8	101400460	T	C	0.8190000000000001	1.03365	0.0593	0.5767	0.5581151347249502	46350
rs6469131	8	107686055	A	G	0.996	1.01603	0.0149	0.28600000000000003	1.0673071328466757	46350
rs4734805	8	104688355	T	C	0.996	0.97492	0.0184	0.1663	-1.3804273169962902	46350
rs72673743	8	105555214	T	C	0.86	0.9986	0.0368	0.9697	-0.03807013357685055	46350
rs10955290	8	102741883	T	C	0.846	1.00461	0.0166	0.7823	0.27707268041539523	46350
rs78445309	8	104057000	T	C	0.867	1.03262	0.0344	0.3505	0.9331180773255717	46350
rs6994899	8	107642399	T	C	1.0	0.97619	0.0146	0.09983	-1.6505506427436663	46350
rs56191596	8	102165672	A	G	0.954	1.09911	0.0418	0.02377	2.260783765658516	46350
rs17311083	8	107912543	T	C	0.998	1.01847	0.0196	0.3502	0.933750059689416	46350
rs4734130	8	106084230	A	G	1.0	1.00975	0.0141	0.49	0.6881401036443349	46350
rs61357295	8	101853465	A	G	1.01	0.95533	0.0158	0.003951	-2.8923068640346727	46350
rs117652148	8	104322849	A	C	0.911	1.06449	0.0628	0.32	0.9951562297061127	46350
rs10104167	8	103973288	A	G	0.999	0.99312	0.0159	0.6654	-0.43419976835185264	46350
rs2388493	8	103126358	T	C	1.0	0.97443	0.0138	0.06038	-1.8769995886312143	46350
rs79066682	8	106141695	A	C	0.755	0.99382	0.0655	0.9243	-0.09464389683696267	46350
rs76821527	8	106909040	A	G	0.933	1.0893700000000002	0.0533	0.1084	1.6059952625495881	46350
rs117858381	8	99094030	T	C	0.959	0.99412	0.0487	0.9041	-0.12109559067934253	46350
rs13278590	8	105524414	T	G	0.917	0.98787	0.0148	0.4117	-0.8246060026288341	46350
rs566942	8	101485183	T	C	0.969	1.00823	0.015	0.5851	0.546421214965724	46350
rs2458284	8	102951091	A	C	0.958	1.02891	0.0142	0.04514	2.0070415119648803	46350
rs10955413	8	106079408	T	C	1.01	1.00763	0.0186	0.6814	0.40865799853869667	46350
rs1872283	8	106798663	A	G	1.01	1.01613	0.0143	0.2631	1.1189715892965018	46350
rs827540	8	103287198	T	C	0.997	0.99621	0.0149	0.7959999999999999	-0.25484565425402866	46350
rs11779535	8	100376055	A	G	0.994	0.99671	0.0205	0.8733	-0.16075238779498882	46350
rs75221395	8	102768352	T	C	0.7759999999999999	1.01521	0.0325	0.6427	0.4644765429333807	46350
rs1901778	8	106550279	A	G	0.999	1.0002	0.0148	0.987	0.013512162342313831	46350
rs7823558	8	100867370	A	G	0.996	0.99134	0.0164	0.5962	-0.5303485184875522	46350
rs79060825	8	103708048	A	G	0.938	1.02788	0.0326	0.3996	0.8435100828775984	46350
rs12678151	8	101463116	A	G	0.833	0.97599	0.0195	0.2133	-1.2463045396499228	46350
rs12542732	8	107743068	T	G	0.991	0.97502	0.0141	0.07343999999999999	-1.7941344236994385	46350
rs117837513	8	100512953	A	G	0.867	1.13553	0.0538	0.01813	2.3624442805526416	46350
rs6984008	8	104699303	T	C	0.994	0.9984	0.0139	0.9095	-0.11520009834344455	46350
rs57874832	8	101566122	A	G	0.895	1.04875	0.0309	0.1239	1.5404200258666325	46350
rs987474	8	104672768	T	C	0.994	0.98965	0.0138	0.4526	-0.7539082402458629	46350
rs62515052	8	106833020	A	G	0.992	1.11449	0.0423	0.01041	2.5625744957461998	46350
rs117618010	8	106073817	T	C	0.748	0.96454	0.0586	0.5383	-0.616108792335861	46350
rs76628116	8	102198331	A	C	0.8909999999999999	1.05506	0.0595	0.3679	0.9008006277107828	46350
rs2935545	8	100663644	A	G	0.998	0.9994	0.0153	0.9686	-0.03922745568839612	46350
rs117609532	8	105281204	A	C	0.809	1.01319	0.0566	0.8172	0.23151536001726458	46350
rs60698743	8	100372063	T	G	0.747	0.96223	0.0461	0.4033	-0.8351794284960168	46350
rs768388	8	105185064	T	C	1.0	0.98108	0.0145	0.1889	-1.3173291932690465	46350
rs79099636	8	106900999	T	C	0.933	1.05401	0.06	0.3806	0.8766989623366169	46350
rs605422	8	102933371	A	C	0.741	0.95037	0.0512	0.3195	-0.9942167290728123	46350
rs587946	8	102928108	T	C	0.998	0.9973	0.0141	0.8468	-0.19174833860388818	46350
rs4734014	8	100896616	A	G	0.999	1.0319	0.015	0.03705	2.0934508759687764	46350
rs6468864	8	103164340	A	G	0.996	1.01086	0.0183	0.5548	0.590243371248954	46350
rs13282110	8	102730659	T	G	0.938	0.98807	0.0145	0.4095	-0.8277057614894574	46350
rs71305176	8	105669536	A	ATG	0.7659999999999999	1.01167	0.018000000000000002	0.5209	0.6445794850466551	46350
rs62527610	8	103144231	T	C	0.994	1.00662	0.023	0.7753	0.28687756644465756	46350
rs117606939	8	102023207	T	C	0.7709999999999999	1.03583	0.0473	0.4574	0.7442502686791647	46350
rs1453227	8	106532155	A	G	0.991	0.99641	0.0204	0.8590000000000001	-0.17629703501985533	46350
rs75340201	8	105916042	T	G	0.981	1.05274	0.0362	0.1551	1.4197869912545513	46350
rs3019358	8	108720713	T	C	0.943	1.01147	0.0149	0.4434	0.7654173331165216	46350
rs963658	8	105582491	A	G	0.797	0.99005	0.0184	0.589	-0.5434691346920395	46350
rs117917028	8	102969999	A	G	0.8809999999999999	0.94999	0.0409	0.2093	-1.2543721456905148	46350
rs76571637	8	100446683	T	C	0.733	1.02644	0.0453	0.565	0.5760817819265842	46350
rs17366009	8	100945083	T	C	0.98	0.95686	0.0277	0.1109	-1.5919923726281018	46350
rs10099482	8	101677964	A	G	0.994	1.04624	0.021	0.03163	2.1525135633728008	46350
rs78798675	8	107942939	A	C	0.887	1.03521	0.0314	0.2702	1.1020479199659214	46350
rs117158509	8	107975671	A	G	0.8690000000000001	0.96541	0.0406	0.3868	-0.8670541233677208	46350
rs75038381	8	101004925	A	C	0.75	0.96725	0.0515	0.5177	-0.6465686485731	46350
rs59876529	8	107459528	A	C	0.898	1.04164	0.0351	0.2453	1.1622904328367363	46350
rs76403470	8	100174631	T	G	0.903	0.94507	0.0415	0.1737	-1.3613561483775665	46350
rs76935623	8	99708340	T	C	0.86	0.90493	0.0494	0.043210000000000005	-2.022220371255571	46350
rs13271123	8	105615348	A	G	0.8079999999999999	1.0139	0.0466	0.7668	0.29622920550208326	46350
rs7839419	8	103164158	A	G	0.949	1.001	0.0449	0.9819	0.02226058648292702	46350
rs1442335	8	105707859	T	C	1.0	0.98551	0.0141	0.2976	-1.0351776813765365	46350
rs72669470	8	105109518	A	G	0.83	1.02061	0.0591	0.7305	0.34518591806562965	46350
rs77333195	8	102333046	T	C	0.8270000000000001	1.17105	0.0652	0.0154	2.421791138838536	46350
rs7016097	8	107673875	T	C	0.972	0.98423	0.0238	0.5051	-0.6678852691338236	46350
rs10098190	8	101381952	A	G	0.998	1.0031	0.0162	0.85	0.1910620313149705	46350
rs35426673	8	104362100	T	C	0.929	0.9969	0.0146	0.8313	-0.21265855845744908	46350
rs117265936	8	105754531	A	G	0.8270000000000001	1.08285	0.0501	0.1119	1.5887515822583382	46350
rs76868435	8	105525758	T	C	0.934	0.98482	0.0346	0.659	-0.44209235913270917	46350
rs36024019	8	106761447	T	C	0.826	0.97853	0.0465	0.6402	-0.46674910631799105	46350
rs7007457	8	100487356	T	C	0.7040000000000001	0.97668	0.0192	0.2185	-1.2289694716243065	46350
rs10109692	8	101348037	T	C	0.752	1.0123799999999998	0.0448	0.7833	0.2746427333965151	46350
rs11776754	8	102044289	T	G	0.987	1.02603	0.0264	0.332	0.9733706851206831	46350
rs3101270	8	105061464	T	C	0.966	1.01217	0.0259	0.6414	0.4670479130205806	46350
rs1476275	8	103254724	T	C	0.927	1.01786	0.0395	0.655	0.44816162311405316	46350
rs55729051	8	101298580	A	G	0.916	1.02552	0.0337	0.4548	0.747768576312823	46350
rs7822979	8	105456364	T	C	1.0	1.00904	0.0138	0.5113	0.6521292606377257	46350
rs4734174	8	108341873	A	G	0.998	0.97541	0.0145	0.08714	-1.7170609347940968	46350
rs2599528	8	101096915	T	C	0.998	0.98521	0.0163	0.3603	-0.9141388076050571	46350
rs2187018	8	100693853	A	G	0.708	1.0245	0.045	0.5916	0.5378819710403858	46350
rs7003310	8	100808805	T	C	0.992	1.0123799999999998	0.0138	0.3761	0.8915938011712955	46350
rs73274953	8	99985408	T	C	0.75	0.9799	0.0386	0.6	-0.5260298792840485	46350
rs562889	8	107928769	T	G	0.7440000000000001	1.03345	0.0644	0.6095	0.5109117962066427	46350
rs10111205	8	102114343	T	C	0.947	1.0006	0.0162	0.9683	0.03702593036836725	46350
rs3015947	8	106813700	T	C	0.98	1.02316	0.0287	0.4248	0.7977657657458002	46350
rs17426853	8	100465971	T	C	0.753	0.95839	0.0442	0.3364	-0.9615494509535882	46350
rs73277298	8	101496191	T	C	0.943	1.06791	0.0356	0.06509	1.8456030147245543	46350
rs4734924	8	106534272	T	C	0.999	0.99521	0.0138	0.7253	-0.34793542146332623	46350
rs117364442	8	105978828	A	G	0.8340000000000001	1.03283	0.0558	0.5621	0.5788997738105028	46350
rs62620995	8	104355036	T	C	0.996	1.00682	0.0511	0.8944	0.13301074364525933	46350
rs16872304	8	105083431	A	G	0.993	1.00975	0.0325	0.7643	0.2985469372733883	46350
rs6469203	8	108770282	T	C	0.993	1.00833	0.0146	0.5720000000000001	0.5681847276785587	46350
rs4734853	8	105270732	A	C	0.985	0.99481	0.0153	0.7341	-0.3400990086011631	46350
rs77606484	8	105856997	T	G	0.992	1.003	0.0272	0.9136	0.11012900661023423	46350
rs1476220	8	105197686	A	G	0.97	0.98551	0.0167	0.3816	-0.8740122938568363	46350
rs10098852	8	99909075	A	G	0.922	0.97599	0.0149	0.1037	-1.6310696995418452	46350
rs117763488	8	107988111	A	G	0.795	0.94374	0.0641	0.3664	-0.9033474961237272	46350
rs7002717	8	102486089	T	C	0.937	0.98098	0.0174	0.2699	-1.1036325853124112	46350
rs111899231	8	106485133	A	G	0.856	1.05401	0.0556	0.344	0.9460780169100184	46350
rs117401413	8	106276256	A	C	0.962	1.01959	0.0462	0.6752	0.4199260974886319	46350
rs2584363	8	107146155	T	C	0.992	1.03076	0.0174	0.08208	1.7411720822614942	46350
rs3857891	8	104691624	A	G	0.953	1.00914	0.0176	0.6066	0.5169592605260995	46350
rs1954741	8	107190741	A	G	0.996	1.00351	0.0148	0.8119	0.23674691396465733	46350
rs80052828	8	104560882	A	G	0.907	1.04655	0.0433	0.2935	1.0507861448318314	46350
rs114974587	8	106254759	T	G	0.937	1.03583	0.0332	0.2887	1.0603324611001352	46350
rs2880665	8	105646350	A	G	0.969	0.9990000000000001	0.0148	0.9461	-0.06760137389077184	46350
rs11990797	8	104663234	T	C	0.997	0.99571	0.0192	0.8222	-0.2239181485850207	46350
rs16898670	8	100668530	A	C	0.954	1.06545	0.032	0.04768	1.981163910305988	46350
rs10102355	8	101295410	T	C	0.89	1.02562	0.0335	0.4494	0.7551435156466262	46350
rs12679376	8	102727476	A	G	0.972	1.04781	0.021	0.02598	2.2239177025004873	46350
rs4077322	8	107293327	T	G	0.99	0.9991	0.0138	0.9471	-0.06524675675102573	46350
rs78412506	8	107236120	A	G	0.931	0.99671	0.0464	0.9428	-0.07102206788356188	46350
rs73699588	8	106574282	A	G	0.986	1.18637	0.0743	0.02142	2.300110699066218	46350
rs3103705	8	99420748	T	C	0.998	1.0	0.0148	0.9987	0.0	46350
rs827528	8	103300204	A	G	1.0	0.99332	0.0154	0.6651	-0.43522149738152033	46350
rs652008	8	102097693	T	C	1.0	1.01187	0.0145	0.4159	0.8138002838448701	46350
rs78408007	8	107811251	T	C	0.7709999999999999	0.9719	0.0472	0.5453	-0.6038635693371218	46350
rs6991144	8	102046373	T	C	0.996	1.02716	0.0254	0.2908	1.0550280466684203	46350
rs10505087	8	105795850	T	C	0.997	0.96377	0.0256	0.1506	-1.4415078925837363	46350
rs117295470	8	99222758	T	C	0.938	0.9657	0.0466	0.4544	-0.7489710731601904	46350
rs72681141	8	102160973	A	G	0.8	1.02163	0.0325	0.5107	0.6584428001812357	46350
rs73700239	8	102152499	A	C	0.912	0.98916	0.0201	0.5877	-0.5422478044278881	46350
rs2575700	8	103355445	T	G	1.01	0.97932	0.0183	0.2516	-1.1419030444254248	46350
rs16877589	8	108268258	A	G	1.01	1.02306	0.0162	0.1593	1.4072923627147083	46350
rs76251629	8	102161306	A	G	0.8490000000000001	1.0022	0.0248	0.9305	0.08861223965674199	46350
rs2511605	8	104281199	A	G	1.0	0.9994	0.0145	0.9661	-0.041391729105686934	46350
rs3134126	8	106578987	T	C	0.94	0.98748	0.0143	0.3777	-0.8810514389171442	46350
rs12680351	8	105502951	T	G	0.996	0.99074	0.0183	0.6116	-0.5083683238330311	46350
rs1672195	8	107371413	T	C	0.997	1.03035	0.0173	0.0832	1.7282399043851648	46350
rs7845482	8	106826175	T	C	0.998	0.99661	0.0141	0.8104	-0.24083397653758093	46350
rs10107400	8	99361839	A	C	0.952	0.9995	0.051	0.9917	-0.009806373366318488	46350
rs111577132	8	99108204	T	G	0.939	1.01147	0.0517	0.826	0.22059416370282728	46350
rs968817	8	106231280	T	C	0.997	1.0017	0.0168	0.9172	0.10110456164175667	46350
rs67763699	8	103345161	T	C	0.982	0.98669	0.0255	0.6005	-0.5254655671810575	46350
rs10481053	8	102343884	A	C	0.992	0.98462	0.0139	0.2654	-1.1150718738814027	46350
rs117342558	8	103847412	T	C	0.87	1.0518	0.051	0.3222	0.9902545524138595	46350
rs1497630	8	108668539	A	C	1.0	0.99005	0.0141	0.4786	-0.7092079488179807	46350
rs10091309	8	108615032	T	C	0.915	1.01025	0.0287	0.7224	0.3553249120712926	46350
rs61104602	8	108788607	T	C	0.984	1.00844	0.0365	0.818	0.2302625299674076	46350
rs10096751	8	106628879	A	G	1.0	0.96483	0.0198	0.07105	-1.808250452791803	46350
rs16876704	8	107741071	T	C	0.941	1.00672	0.0317	0.8320000000000001	0.21127827910792807	46350
rs622435	8	101281192	T	C	1.0	1.03128	0.0151	0.04082	2.039784712100151	46350
rs6980991	8	101595083	A	G	0.993	0.9687	0.0197	0.106	-1.614229063441514	46350
rs76406675	8	99522093	T	C	0.967	0.96802	0.0393	0.4086	-0.8270364061570995	46350
rs3134369	8	100872890	A	G	0.762	0.99481	0.0161	0.7484	-0.32319967898122953	46350
rs1961102	8	102920617	T	C	0.949	0.97599	0.015	0.1041	-1.6201959015448997	46350
rs7005727	8	101459018	A	C	0.988	0.98147	0.0164	0.2536	-1.1404775118160733	46350
rs17278434	8	105101590	A	G	0.978	1.0007	0.016	0.9651	0.043734694642079054	46350
rs16876323	8	107454930	T	C	1.0	1.03728	0.037000000000000005	0.322	0.9892406066094178	46350
rs74803856	8	100935387	A	C	0.738	1.11238	0.0613	0.08238	1.7373876683825966	46350
rs919951	8	102541475	A	G	0.999	0.99631	0.0139	0.7909999999999999	-0.2659586218913498	46350
rs7001076	8	102047753	T	C	0.992	0.98807	0.0143	0.4005	-0.8392820658459533	46350
rs7833238	8	102181654	T	C	0.773	1.01227	0.0693	0.8599	0.17597884126806707	46350
rs72678550	8	106396054	T	C	0.802	0.8916299999999999	0.0498	0.0214	-2.30329378837307	46350
rs7011605	8	107308820	T	C	0.988	0.9977	0.0179	0.898	-0.1286396124399753	46350
rs518898	8	101483005	T	C	0.987	0.99591	0.0161	0.7995	-0.25455819417163894	46350
rs6997487	8	105953283	A	C	0.998	0.99243	0.0138	0.5802	-0.550637527197863	46350
rs11783685	8	101175834	A	G	0.708	1.00481	0.0634	0.9402	0.07568562952008544	46350
rs570630	8	101490220	A	G	0.985	1.00682	0.0156	0.6639	0.4356954487354328	46350
rs2941627	8	105270802	A	G	0.997	1.00361	0.0204	0.8593	0.17664213674625345	46350
rs75825956	8	105056003	A	G	0.8270000000000001	1.04008	0.0672	0.5589999999999999	0.5847862094014301	46350
rs4299971	8	104326524	A	G	0.996	1.01552	0.014	0.2719	1.1000568982873502	46350
rs2515190	8	103144375	A	G	1.0	1.01542	0.0162	0.3477	0.9445876548421338	46350
rs953253	8	103125854	A	G	0.992	0.9721	0.0215	0.1879	-1.316120890935525	46350
rs1469764	8	102732054	T	C	0.944	1.0008	0.0157	0.958	0.05093504271109836	46350
rs117860682	8	99549808	A	G	0.961	1.00642	0.0464	0.8904	0.13791981854672042	46350
rs1469918	8	107685040	A	G	0.997	0.97932	0.0144	0.1459	-1.4511684522906443	46350
rs7015865	8	100466271	T	C	0.916	1.00341	0.0145	0.813	0.23477235403878322	46350
rs7816400	8	100847603	A	G	0.993	0.96657	0.0149	0.02285	-2.2819836695311855	46350
rs7828691	8	107752425	T	C	0.989	0.98728	0.014	0.3608	-0.9143994169434937	46350
rs17775215	8	102797826	A	G	0.993	1.0025	0.0175	0.8887	0.14267886849069403	46350
rs10103715	8	107531978	A	G	0.998	0.97132	0.0139	0.03671	-2.093475383113297	46350
rs13276224	8	101323668	A	C	0.999	0.99015	0.0156	0.5251	-0.6345405243107424	46350
rs72675442	8	103396660	T	C	0.857	0.8772200000000001	0.0536	0.014469999999999997	-2.4439825164312357	46350
rs3779906	8	103058000	T	G	0.85	0.98778	0.0308	0.6888	-0.39919734071920915	46350
rs13248335	8	101437276	T	G	0.851	1.0247	0.0217	0.2611	1.1244187476283465	46350
rs7815781	8	108876340	T	C	0.996	1.01076	0.0144	0.4588	0.7432307731344231	46350
rs2333874	8	104414694	A	C	0.999	0.99521	0.0145	0.7407	-0.3311385390478553	46350
rs117930190	8	106101655	A	C	0.731	0.9986	0.0744	0.9851	-0.01883038865091533	46350
rs77960910	8	108010298	A	G	0.964	0.9539	0.0384	0.2189	-1.2290738237232994	46350
rs1947124	8	101240404	T	C	1.01	0.99173	0.015	0.5798	-0.5536257442410194	46350
rs13270737	8	100515098	T	G	0.994	0.99452	0.0143	0.6978	-0.38427064908950165	46350
rs1283651	8	107353804	T	C	1.01	1.003	0.0176	0.8646	0.17019937385218015	46350
rs7837293	8	104342692	T	C	0.97	1.03904	0.0384	0.318	0.9973231753214596	46350
rs13255229	8	103198271	T	C	0.987	0.9995	0.0188	0.977	-0.02660239583416185	46350
rs10087818	8	104778658	T	C	0.984	0.98857	0.0186	0.5379	-0.6180550813701344	46350
rs75561533	8	99429591	A	G	0.741	1.03541	0.0691	0.6144	0.5035815273831149	46350
rs72683199	8	104086902	T	C	0.976	1.03314	0.0473	0.4912	0.6892750220721434	46350
rs3018438	8	104496821	T	C	0.997	1.00975	0.022	0.6608	0.44103524824477824	46350
rs1521059	8	103714574	A	G	0.992	1.00844	0.0202	0.6774	0.4160684328618999	46350
rs11785583	8	103237611	A	G	0.996	0.99332	0.0164	0.6806	-0.4086836011997203	46350
rs285798	8	105070947	A	G	0.99	0.99352	0.014	0.6423	-0.46436331016856947	46350
rs74415630	8	104667166	A	G	0.911	0.95142	0.0397	0.2089	-1.254399837597125	46350
rs77795411	8	105717800	A	C	0.978	1.0145	0.0293	0.6225	0.4913269721410355	46350
rs6468764	8	101288894	T	C	0.992	1.01633	0.0144	0.2613	1.1248680256092052	46350
rs17186961	8	102617800	A	G	1.0	1.0057200000000002	0.0156	0.7129	0.3656219818383491	46350
rs1442320	8	105803058	T	C	1.0	0.8726700000000001	0.0476	0.00425	-2.8612983503780347	46350
rs1347322	8	102536334	A	G	0.997	1.03676	0.017	0.03314	2.1235568014542734	46350
rs77210013	8	100010153	T	C	0.972	1.01319	0.0255	0.608	0.5138733089010658	46350
rs3735717	8	101668177	T	C	0.998	0.99253	0.0141	0.5931	-0.5317758991033447	46350
rs79456797	8	107867465	T	C	0.775	1.08307	0.0644	0.2158	1.2391242422744693	46350
rs13250720	8	106274357	T	C	0.8270000000000001	1.0518	0.0379	0.1832	1.3325325111637685	46350
rs1497455	8	103113579	T	C	0.991	1.01056	0.014	0.4552	0.7503309032203879	46350
rs1371867	8	100317981	A	C	1.0	1.01288	0.014	0.3582	0.9141255878471928	46350
rs2669441	8	104373429	T	C	0.954	1.01949	0.0214	0.3689	0.9019860866587581	46350
rs548650	8	101573608	A	G	0.807	1.06035	0.0582	0.3142	1.0068563969576565	46350
rs118013985	8	108381959	T	C	0.794	0.97844	0.0587	0.7106	-0.3713085582701429	46350
rs10095105	8	107838433	T	C	0.979	0.99641	0.0522	0.9457	-0.06889769184684001	46350
rs72684566	8	106908731	A	G	0.977	0.99412	0.0152	0.6966	-0.38798389908447245	46350
rs1533182	8	102941091	T	G	0.999	0.97902	0.0184	0.2492	-1.1523482419077709	46350
rs16870120	8	103112051	A	G	0.847	0.97893	0.0416	0.6096	-0.5119024168307404	46350
rs10093031	8	100497027	A	G	0.813	1.03231	0.0247	0.1981	1.287409293479716	46350
rs1269701	8	102054971	A	G	0.963	0.98748	0.0144	0.3845	-0.8749330261468863	46350
rs2436909	8	102543496	T	G	0.972	1.00411	0.0161	0.7997	0.2547563367127359	46350
rs10096148	8	108698634	A	G	1.0	0.97629	0.0229	0.2937	-1.04784303738955	46350
rs10283130	8	106766096	A	G	1.0	1.01207	0.0197	0.542	0.6090222555135395	46350
rs79634557	8	100041633	A	C	0.8640000000000001	1.0781	0.0398	0.05896000000000001	1.8894530794707347	46350
rs79920626	8	101772089	A	G	0.982	0.99681	0.0494	0.9489	-0.06467811531459222	46350
rs7819657	8	108818968	A	C	0.987	0.99382	0.0153	0.6862	-0.4051748524719644	46350
rs16873557	8	105712483	T	C	0.953	1.01288	0.0288	0.6562	0.4443666052034965	46350
rs62519115	8	101567067	T	C	0.962	0.99362	0.0177	0.7176	-0.36160673339142396	46350
rs28921376	8	106659602	T	G	0.7390000000000001	1.09253	0.0594	0.1359	1.4898334606872714	46350
rs76519539	8	101410654	T	C	0.826	0.97756	0.0576	0.6935	-0.39402097104493894	46350
rs2853236	8	102261778	T	G	0.998	1.01167	0.0161	0.4739	0.7206478714807325	46350
rs6468833	8	102512233	A	G	1.0	0.99591	0.0139	0.7672	-0.29484798029952425	46350
rs2979002	8	100395813	A	C	0.997	1.01735	0.014	0.2211	1.2286576656982025	46350
rs34080307	8	102564994	A	G	0.828	0.98069	0.0228	0.3939	-0.8552137471076992	46350
rs4620259	8	108979439	A	C	0.999	0.9801	0.0179	0.2594	-1.1229425534638497	46350
rs1460238	8	104811161	A	G	0.994	1.0158200000000002	0.0183	0.3909	0.8577141041707309	46350
rs2514830	8	108003570	A	C	0.996	0.99591	0.0156	0.7943	-0.26271711065149916	46350
rs117128128	8	100288726	A	G	0.821	1.04749	0.0784	0.5533	0.5917962529235689	46350
rs1453212	8	106570193	T	G	1.01	0.9992	0.0137	0.9511	-0.05841753071307702	46350
rs1460934	8	100140796	A	G	1.0	1.01867	0.0138	0.1804	1.3404242668202486	46350
rs61034362	8	103077321	T	C	0.764	0.94082	0.0641	0.3415	-0.9516917872126678	46350
rs78148502	8	107175661	T	C	0.873	0.99005	0.0389	0.7976	-0.2570650919880084	46350
rs62518041	8	101268256	T	G	0.758	1.08524	0.0526	0.1197	1.5551551461672941	46350
rs7004022	8	100625612	A	C	0.998	0.95868	0.0223	0.05824	-1.8922843363312203	46350
rs55869822	8	105514870	T	C	0.974	1.0351	0.0306	0.2597	1.1273869414237698	46350
rs75279991	8	101647406	T	C	0.892	0.96252	0.0173	0.0272	-2.2081175615782382	46350
rs117543693	8	101358350	T	G	0.906	0.95056	0.045	0.2598	-1.1267554305490175	46350
rs71526705	8	108746961	A	G	0.898	1.06247	0.0463	0.1909	1.3087772380927387	46350
rs35622776	8	108624682	A	G	0.895	0.98157	0.0532	0.7273	-0.349660684204166	46350
rs184261459	8	106887523	T	C	0.883	0.97795	0.0661	0.7358	-0.33731822993358995	46350
rs1380994	8	100073550	A	G	0.996	1.00904	0.014	0.5179	0.642813128342901	46350
rs111753782	8	102417841	A	G	0.8190000000000001	1.0629	0.069	0.3765	0.884072776194187	46350
rs76165982	8	103082254	A	C	0.743	1.00481	0.0603	0.9366	0.07957659886523079	46350
rs1991924	8	102782636	A	G	0.992	0.98521	0.0147	0.3115	-1.0136369091130903	46350
rs117361377	8	100796385	T	C	0.725	1.03293	0.0588	0.5813	0.5510106130384222	46350
rs190559838	8	108855375	T	C	0.901	1.0308700000000002	0.0358	0.3952	0.8492487684649402	46350
rs2511690	8	102716918	A	C	0.984	1.0057200000000002	0.0198	0.7738	0.2880658038726387	46350
rs34154627	8	104552360	T	C	0.994	1.00944	0.022	0.6691	0.42707825638009933	46350
rs77997405	8	104499848	A	C	0.95	0.91787	0.0586	0.1438	-1.4624489861781016	46350
rs2248609	8	100596691	T	C	0.997	1.01674	0.0147	0.2601	1.1293490134302988	46350
rs77361920	8	99941246	T	C	0.911	1.01339	0.044	0.7616	0.30229877816201034	46350
rs78113572	8	108878120	T	C	0.973	0.99531	0.0419	0.9109	-0.1121964811133418	46350
rs7826722	8	106567341	T	C	0.994	1.17904	0.0738	0.02557	2.231714743042713	46350
rs16868941	8	102040149	A	G	1.0	1.00652	0.0169	0.701	0.3845465526526425	46350
rs6992407	8	105669536	A	G	0.89	1.05253	0.0335	0.1264	1.52826238003361	46350
rs12680146	8	102791869	T	C	1.0	0.99283	0.0167	0.6679999999999999	-0.43088790310194175	46350
rs35526650	8	101586264	T	C	0.924	1.01623	0.0355	0.6495	0.45351271801193466	46350
rs77602278	8	108263166	A	G	0.799	0.98748	0.0651	0.8462	-0.1935335726039195	46350
rs1264474	8	101420905	T	C	0.987	0.98265	0.0168	0.2979	-1.0418020914370225	46350
rs7006253	8	107661673	T	C	0.999	0.97981	0.0139	0.1426	-1.467381558649053	46350
rs7840123	8	100850948	A	G	0.994	0.95916	0.0214	0.05087	-1.948475586738741	46350
rs2981249	8	106863384	T	G	0.999	0.97912	0.0142	0.1359	-1.4859908385953549	46350
rs7013304	8	102108427	A	C	1.0	0.98393	0.0148	0.2738	-1.0946299102505634	46350
rs59602693	8	103075706	A	G	0.757	1.05654	0.0491	0.2629	1.1201510838819684	46350
rs118127392	8	108862885	A	G	0.851	1.04196	0.0727	0.5715	0.5653858992904683	46350
rs10504988	8	99374974	T	C	0.996	0.94724	0.0347	0.119	-1.5620399427756786	46350
rs7462386	8	104707222	A	C	0.974	0.97268	0.0184	0.1307	-1.505441882732533	46350
rs17211906	8	105404955	T	C	1.01	0.99273	0.0144	0.6127	-0.5067052244887499	46350
rs1532432	8	103932253	T	G	0.994	1.01939	0.0319	0.5465	0.6020190966681283	46350
rs4305876	8	107212537	A	G	0.997	0.9998	0.0158	0.9888	-0.012659493839686372	46350
rs633142	8	101454539	T	G	0.997	1.00965	0.0138	0.4869	0.6959229088909196	46350
rs3110405	8	99357237	A	G	1.01	1.01715	0.019	0.3722	0.8949788850433561	46350
rs9297326	8	102522789	T	C	0.96	0.99571	0.0217	0.8415	-0.1981211268586358	46350
rs3956241	8	101616734	T	C	0.8	0.96793	0.0482	0.4985	-0.6762553603720706	46350
rs10955203	8	99151062	A	G	0.961	0.97541	0.0472	0.5986	-0.5274869397142883	46350
rs2469970	8	103601775	T	G	1.01	0.9997	0.0152	0.983	-0.019739803223815293	46350
rs10109476	8	102523701	A	G	0.973	1.03149	0.0172	0.07071000000000001	1.802579003644777	46350
rs7006527	8	100012277	A	C	0.999	0.97893	0.0189	0.2598	-1.1267270127068147	46350
rs13280179	8	106316388	T	G	0.987	0.99362	0.0143	0.6549	-0.44758315951246186	46350
rs6468749	8	100996600	T	C	0.998	1.00864	0.0139	0.5364	0.6189128638322197	46350
rs4734725	8	103657952	A	C	1.01	0.9984	0.0147	0.9118	-0.10893070523631831	46350
rs7844766	8	102627837	T	C	0.994	0.99521	0.0156	0.7585	-0.3077890266790963	46350
rs117842313	8	100900209	T	C	0.912	0.98886	0.04	0.7804	-0.2800628626998361	46350
rs1269705	8	102032704	A	G	0.8440000000000001	0.986	0.0154	0.3596	-0.9155145700975096	46350
rs72671172	8	108588391	T	C	0.953	1.01837	0.0312	0.5603	0.5834394183933864	46350
rs10955284	8	102303446	A	G	0.858	1.0552700000000002	0.0436	0.217	1.2338683109092177	46350
rs17271958	8	107118112	T	C	0.872	1.06599	0.065	0.3259	0.9831376128709665	46350
rs28617405	8	101403360	A	G	0.99	1.00421	0.0166	0.7986	0.2530820930450623	46350
rs1389985	8	107982154	A	G	0.823	0.98679	0.0363	0.7129	-0.36633686347079236	46350
rs1176675	8	103711588	T	C	0.997	1.0024	0.016	0.8785	0.1498202874825907	46350
rs2978087	8	100754352	T	C	1.0	0.99154	0.016	0.5948	-0.5309993075790197	46350
rs6993219	8	108736820	T	C	0.999	0.997	0.0153	0.8442	-0.19637313858161598	46350
rs62515021	8	106814869	A	C	0.982	1.1221	0.0448	0.01023	2.5714716448366874	46350
rs74505856	8	101718069	A	C	0.97	0.97677	0.033	0.4756	-0.7122445208483048	46350
rs6991019	8	101958412	T	C	1.0	0.99243	0.014	0.5888	-0.5427712768093221	46350
rs62518309	8	100430149	A	G	0.773	0.95123	0.0551	0.3638	-0.9074300361963274	46350
rs10955366	8	104894213	T	G	0.995	0.98462	0.019	0.4158	-0.8157631077342893	46350
rs76058247	8	105786533	A	G	0.855	1.01593	0.0454	0.728	0.3481156199326785	46350
rs2668880	8	102944297	A	G	0.997	0.99442	0.014	0.6879	-0.39968759693999073	46350
rs72680940	8	106520519	T	C	0.967	1.01076	0.0225	0.6356	0.47566769480603077	46350
rs3019943	8	106974707	T	C	0.996	1.01329	0.0303	0.6634	0.4357248408500337	46350
rs117444274	8	105927552	A	G	0.925	1.15488	0.0726	0.04735	1.9834220726210277	46350
rs79313958	8	108894441	A	C	0.888	0.9721	0.0339	0.4041	-0.8347079396788728	46350
rs6981411	8	102646483	A	G	0.966	0.96146	0.0193	0.04185	-2.036389455064375	46350
rs72680983	8	106590272	A	G	0.985	0.99541	0.0145	0.7502	-0.3172804410736707	46350
rs1269697	8	102058389	T	G	0.921	1.0011	0.0152	0.9433	0.07232864758559633	46350
rs16876747	8	107763074	A	G	0.994	0.99402	0.0508	0.9062	-0.11806991739440914	46350
rs77747631	8	104909586	T	C	0.93	1.01745	0.0426	0.6841	0.40609148070566076	46350
rs394569	8	107570425	T	G	0.999	0.98039	0.0153	0.195	-1.2944331567712244	46350
rs16875176	8	106833670	T	C	0.997	1.01888	0.019	0.3252	0.9844202523037773	46350
rs117161993	8	100665880	T	G	0.8140000000000001	1.03552	0.039	0.3701	0.8949670771251393	46350
rs117515036	8	105122544	T	C	0.923	1.01837	0.0391	0.6408	0.4655577967742623	46350
rs1037304	8	105614969	A	G	0.908	0.99631	0.015	0.8076	-0.24645498961931747	46350
rs74979977	8	103246203	A	G	0.986	0.96618	0.0335	0.3041	-1.027018708184399	46350
rs73700135	8	105711875	A	G	0.852	1.01908	0.0419	0.6523	0.45108017900908054	46350
rs7844324	8	100804561	A	G	0.995	1.0074299999999998	0.0139	0.5951	0.5325563681108698	46350
rs2047375	8	103085168	A	G	0.996	0.96822	0.0154	0.03604	-2.0971392727805966	46350
rs2249255	8	103124800	T	C	0.994	0.97035	0.0198	0.1285	-1.5201236274764078	46350
rs1391114	8	103128465	A	G	0.986	1.0006	0.016	0.968	0.03748875449797184	46350
rs17383838	8	101246263	T	C	0.81	0.98413	0.0587	0.7848	-0.2725260108178496	46350
rs16870018	8	103066286	T	C	0.935	0.98955	0.0254	0.6786	-0.4135820726435999	46350
rs7828133	8	101828966	T	G	0.953	1.06258	0.0173	0.0004327	3.5086654970879874	46350
rs113699015	8	107207148	T	C	0.902	1.0344799999999998	0.0337	0.3155	1.005901632209465	46350
rs6985113	8	104686686	A	G	0.998	0.99452	0.0156	0.7229	-0.35224809499870985	46350
rs285774	8	105103027	A	C	0.999	1.0019	0.0141	0.8945	0.13462392078583443	46350
rs1521776	8	105029599	A	G	0.994	1.0008	0.0139	0.9558	0.0575309475226075	46350
rs4268102	8	107396181	A	C	0.988	1.0007	0.0168	0.9663	0.04165209013531339	46350
rs117095584	8	105343683	A	G	0.959	0.96089	0.0414	0.3346	-0.96365557157622	46350
rs1002901	8	106932737	T	C	0.999	1.002	0.0147	0.8932	0.13591854848116042	46350
rs989945	8	104817109	T	C	0.999	0.99263	0.0183	0.6859	-0.4042236410095475	46350
rs117375681	8	104459673	T	C	0.851	1.05496	0.0668	0.423	0.8009408909776421	46350
rs7829063	8	105887658	T	G	1.01	1.01116	0.0211	0.5986	0.5259804107124839	46350
rs16869546	8	102546773	A	G	0.8490000000000001	0.96773	0.0394	0.406	-0.8325420363548327	46350
rs75966470	8	102682173	A	G	0.8640000000000001	0.98196	0.0388	0.6398	-0.4691934189393385	46350
rs9720991	8	104820451	T	C	0.952	0.9991	0.0163	0.9585	-0.05523958547019357	46350
rs1391203	8	108691196	A	G	0.998	1.0008	0.0142	0.9528	0.056315504969312966	46350
rs17461136	8	100846486	T	G	0.8190000000000001	1.0014	0.0423	0.9736	0.03307378046589619	46350
rs3931977	8	102197736	A	G	0.993	0.99293	0.0139	0.6094	-0.5104396313614425	46350
rs2442756	8	99816910	A	C	1.0	1.00914	0.0144	0.5304	0.6318390961985662	46350
rs16872280	8	105077059	T	G	0.985	0.95009	0.0377	0.1738	-1.3580520433075995	46350
rs2441875	8	104166377	T	C	1.0	0.99372	0.0149	0.6718	-0.42280551332402544	46350
rs3015943	8	107107736	T	C	1.01	1.01786	0.0146	0.2233	1.2124920625345958	46350
rs16868795	8	101953721	T	C	0.998	1.01187	0.02	0.5542	0.5900052057875309	46350
rs77930209	8	100026857	A	G	0.943	1.03169	0.046	0.4967	0.678222485588709	46350
rs2853181	8	104453914	A	C	0.716	0.83652	0.0814	0.028260000000000007	-2.192934271447535	46350
rs2978431	8	102270290	A	G	0.999	0.98138	0.0227	0.4067	-0.8279971182522433	46350
rs77706283	8	99442249	A	G	0.932	1.04446	0.0372	0.2432	1.169354985103528	46350
rs9642982	8	102721878	T	C	1.01	0.95571	0.0207	0.02843	-2.1884424748871276	46350
rs112687326	8	101000291	T	C	0.88	0.98837	0.0309	0.7049	-0.3785811460353511	46350
rs62518333	8	106924538	T	C	0.949	1.10517	0.0621	0.1073	1.6102925811667697	46350
rs10100376	8	106328733	A	G	0.944	1.014	0.0427	0.7441	0.3255949688288392	46350
rs16868292	8	101736582	A	G	0.733	1.0897	0.0667	0.1976	1.2878924887661662	46350
rs872901	8	102500642	T	C	0.971	0.98472	0.0161	0.3416	-0.9563939242296071	46350
rs1870590	8	104811453	T	G	0.988	1.02132	0.0147	0.1524	1.435095802362785	46350
rs75464120	8	105078463	T	C	0.84	1.01806	0.0591	0.7626	0.30285711485207895	46350
rs11781860	8	102991004	T	C	1.01	1.01288	0.0166	0.4398	0.7709492909554638	46350
rs1004460	8	107427670	A	C	0.997	1.00541	0.0175	0.7588	0.3083096295375734	46350
rs34179868	8	108575326	A	C	0.972	1.02665	0.0416	0.5279	0.6322373658502571	46350
rs28409093	8	99515703	A	G	0.955	1.01674	0.0479	0.7287	0.3465851878376909	46350
rs113952187	8	104463609	T	C	0.956	0.98373	0.0347	0.6372	-0.47273227163333564	46350
rs4568592	8	107514048	A	G	0.961	0.97103	0.0186	0.1138	-1.58053307443877	46350
rs17365305	8	100921454	A	G	0.919	1.03852	0.0339	0.2652	1.1149446222585964	46350
rs2443782	8	108031553	T	C	0.995	0.98985	0.0145	0.4824	-0.703576723075636	46350
rs4582530	8	103094635	T	C	0.887	0.99332	0.0198	0.7353	-0.33850560907451577	46350
rs7826305	8	100494077	A	G	0.733	1.01552	0.0163	0.3452	0.9448341457682763	46350
rs374340351	8	101152480	A	G	0.958	0.99681	0.0208	0.8783	-0.1536105238721565	46350
rs672161	8	108151953	A	G	1.01	1.0021	0.0139	0.8806	0.15092072533425324	46350
rs16899125	8	101239499	A	G	0.884	1.05749	0.0808	0.4889	0.6918091043169536	46350
rs1786349	8	100658425	T	C	0.807	0.98472	0.0152	0.3109	-1.0130225118484655	46350
rs56326423	8	103195711	A	C	0.976	0.98305	0.0211	0.4175	-0.8102035748169305	46350
rs72684557	8	106889501	T	C	0.966	0.97434	0.0588	0.6584	-0.44209116117492947	46350
rs11785425	8	101000577	A	C	0.988	0.9994	0.0167	0.9693	-0.03593892646900962	46350
rs72667388	8	101037269	T	C	0.963	1.0018	0.0153	0.9063	0.11754130335813055	46350
rs2927109	8	106949896	A	G	1.0	1.00793	0.0203	0.6981	0.3890996449928744	46350
rs72674303	8	107417779	T	C	0.913	1.01684	0.0381	0.6606	0.4383144152864419	46350
rs117426432	8	108142816	T	C	0.905	1.0469700000000002	0.0739	0.5344	0.6211133718911709	46350
rs4734925	8	106555101	A	G	1.0	0.99392	0.0138	0.6612	-0.4419245262224253	46350
rs7832617	8	100512857	A	C	0.996	1.01339	0.0195	0.4954	0.682110063545049	46350
rs4734783	8	104362657	T	C	0.928	1.0057200000000002	0.0184	0.7558	0.309983854167296	46350
rs16898286	8	100359385	A	G	0.998	0.98926	0.0172	0.5308	-0.627795936018176	46350
rs892506	8	102550368	A	G	0.988	1.03035	0.0139	0.03155	2.1509748450261403	46350
rs10092734	8	106594501	T	G	1.0	1.01339	0.0178	0.4546	0.7472554066926098	46350
rs284493	8	104951414	A	C	0.987	1.01126	0.0219	0.6095	0.5112821047130675	46350
rs16870072	8	103100381	A	G	0.8740000000000001	1.0369700000000002	0.0152	0.01686	2.3883552121245146	46350
rs1055376	8	102865206	A	G	1.01	1.01369	0.0143	0.3427	0.9508488465751699	46350
rs7000420	8	108909296	A	G	0.985	1.00692	0.0145	0.6367	0.4755977026097479	46350
rs72670223	8	104884336	A	G	0.8540000000000001	1.0124799999999998	0.0594	0.8341	0.20880078648219608	46350
rs3018535	8	102291772	T	C	0.986	1.00531	0.0236	0.8214	0.22440473132129257	46350
rs2919471	8	100220473	T	C	1.0	0.9862	0.0142	0.3283	-0.9785989571909403	46350
rs74892223	8	106283237	A	G	0.795	0.96214	0.0572	0.5001	-0.6747431601291043	46350
rs3110432	8	106602596	T	C	0.979	1.0199	0.0209	0.3465	0.9428030274801642	46350
rs115347982	8	101360290	A	G	0.7979999999999999	1.02286	0.0422	0.5926	0.5356072324509284	46350
rs11986326	8	108912990	T	C	0.938	0.97951	0.035	0.5548	-0.5915094959771929	46350
rs62518046	8	101287160	T	G	0.7829999999999999	0.90357	0.0615	0.09934	-1.6488080564332879	46350
rs4512347	8	103392164	T	C	0.999	0.99531	0.0286	0.8709	-0.16437176778493082	46350
rs2981248	8	106862572	T	C	1.01	1.02265	0.0144	0.1188	1.5553678779193283	46350
rs11994981	8	101677951	T	C	1.01	0.96503	0.0164	0.03007	-2.1704932953337774	46350
rs75005519	8	99011588	A	G	0.8959999999999999	1.0247	0.0481	0.6118	0.5072741543354495	46350
rs17421246	8	100249835	A	G	0.996	0.98847	0.0175	0.5057	-0.6626849054664674	46350
rs80045067	8	99896529	T	G	0.8690000000000001	1.0739	0.0362	0.048510000000000005	1.969527123813089	46350
rs1000671	8	102543993	T	C	0.953	1.0024	0.021	0.9093	0.11414879046292625	46350
rs111651355	8	101280295	A	C	0.873	1.04645	0.0715	0.5256	0.6350137545992987	46350
rs79918740	8	101195119	T	C	0.963	0.96483	0.0396	0.3653	-0.9041252263959015	46350
rs16873732	8	105801858	T	C	1.0	0.8743299999999999	0.0476	0.00479	-2.8213739541839793	46350
rs117648491	8	102959782	A	G	0.82	1.0142	0.034	0.6776	0.4147095405524007	46350
rs4295632	8	102960144	A	C	0.83	0.93988	0.0355	0.08112	-1.7465653927248603	46350
rs77106431	8	107529837	A	G	0.909	1.01623	0.0333	0.6295	0.48347451920191226	46350
rs67712332	8	104514722	T	C	0.994	0.99074	0.022	0.6708	-0.4228700148247486	46350
rs16875446	8	106981423	T	C	1.02	1.0975700000000002	0.0579	0.1074	1.6079213342734375	46350
rs7833081	8	102692239	T	C	0.991	0.99681	0.0156	0.8356	-0.20481403182954203	46350
rs903489	8	107636844	T	C	0.877	0.94857	0.0164	0.00128	-3.2194933897683677	46350
rs11780165	8	102570028	A	G	0.847	1.00783	0.0238	0.7429	0.3277102786715041	46350
rs55772918	8	100642280	A	G	0.932	1.04865	0.0242	0.04974	1.9629596133870613	46350
rs7843963	8	101288072	A	G	0.768	1.06322	0.0362	0.09048	1.6934265021039776	46350
rs117026898	8	108481905	T	C	0.887	0.98817	0.0574	0.8353	-0.20732632854333205	46350
rs10109988	8	107838591	T	G	0.996	1.00602	0.0154	0.6986	0.38973715556067107	46350
rs1283658	8	107365119	A	G	0.973	1.0284	0.0237	0.2379	1.1816116628522086	46350
rs28817291	8	103643741	T	G	0.931	0.95695	0.0242	0.06935	-1.8183527065311949	46350
rs61203393	8	105663242	A	G	0.979	1.00451	0.0201	0.8244	0.22387365297971187	46350
rs7016579	8	100852204	A	G	0.767	1.0203	0.0718	0.7795	0.2798983523554651	46350
rs284496	8	104953509	A	C	0.998	0.97981	0.0146	0.1626	-1.3970276483028654	46350
rs13267980	8	108327358	A	G	1.0	1.01177	0.0153	0.4438	0.7647890397151037	46350
rs6995597	8	103372552	A	G	0.991	0.99243	0.0312	0.8068	-0.24355121395290097	46350
rs60748515	8	104693565	A	G	0.933	1.01035	0.015	0.49	0.6864536984912154	46350
rs2013100	8	100653181	T	C	0.823	0.99412	0.0151	0.6952	-0.3905533288797338	46350
rs11985933	8	105653211	A	C	0.998	0.9977	0.0139	0.8697	-0.16565820594788186	46350
rs2853172	8	104439509	A	G	0.971	0.9994	0.0141	0.9658	-0.04256596255549366	46350
rs12677471	8	103112856	A	G	0.955	1.0026	0.0171	0.8767	0.15184946475239264	46350
rs7816488	8	101717175	T	C	0.987	0.95945	0.0221	0.06146	-1.8730803333206183	46350
rs6468924	8	104415709	T	C	0.98	1.0016	0.0169	0.9251	0.09459889726018188	46350
rs78500760	8	108911830	T	G	0.8240000000000001	0.91357	0.0487	0.06356	-1.8561658675028225	46350
rs374810	8	108083801	A	G	0.993	1.01187	0.0138	0.3925	0.8550800083877259	46350
rs6468863	8	103164172	T	G	0.986	1.00662	0.0145	0.6505	0.45504717436049125	46350
rs998201	8	102554200	A	G	1.01	0.95743	0.0157	0.005447	-2.770870550916876	46350
rs77344827	8	99757992	A	G	0.8320000000000001	1.0498	0.0656	0.4588	0.7408486255497319	46350
rs1357159	8	105022946	A	G	0.973	0.9986	0.014	0.9203	-0.10007006540200716	46350
rs2978094	8	100758172	T	C	1.0	1.00451	0.0158	0.7772	0.28480129271469673	46350
rs34856903	8	104976214	A	C	0.895	0.95323	0.0342	0.1613	-1.400557348524414	46350
rs6987653	8	102111984	T	C	0.995	1.0017	0.0158	0.9159	0.10750358453047544	46350
rs117793377	8	107036165	T	C	0.893	0.99571	0.0413	0.9166	-0.10409754123080864	46350
rs11782133	8	99723600	A	G	0.8370000000000001	1.02562	0.0441	0.5654	0.5736350969197728	46350
rs79316342	8	105736473	A	G	0.927	1.06269	0.0367	0.09747	1.6567691923385575	46350
rs13257768	8	106422984	A	G	0.867	0.98886	0.0504	0.8246	-0.2222721132538382	46350
rs77250295	8	106200648	T	C	0.9	0.96667	0.0452	0.4527	-0.749958039950543	46350
rs12677340	8	104977034	A	G	1.01	0.98906	0.0205	0.5921	-0.5365991150666023	46350
rs117820078	8	99545645	A	G	0.961	0.9581	0.0449	0.3408	-0.9532989382028829	46350
rs75853010	8	106162863	T	C	0.857	0.94459	0.0402	0.1563	-1.4180176136267224	46350
rs2454000	8	103123616	A	G	1.0	0.97941	0.0165	0.2081	-1.2609048141326236	46350
rs117376870	8	105703945	T	C	0.863	1.0026	0.0567	0.9631	0.04579587032215016	46350
rs79321697	8	103027181	T	C	0.8079999999999999	0.99571	0.0396	0.9145	-0.10856637507152517	46350
rs117564374	8	101317816	A	G	0.7709999999999999	0.9352	0.0593	0.258	-1.129761700240782	46350
rs3735953	8	105561350	T	C	0.986	0.99233	0.014	0.5825	-0.5499689804600411	46350
rs745509	8	107410651	A	G	0.962	0.99124	0.0175	0.6154	-0.5027768203628352	46350
rs1269693	8	102061232	A	G	0.916	1.0021	0.0147	0.8879	0.14270735252694694	46350
rs1879688	8	104997972	T	C	0.999	1.00934	0.0139	0.5019	0.6688238780643575	46350
rs1269709	8	102031633	A	G	0.8240000000000001	1.00351	0.0232	0.8797	0.15102820373607453	46350
rs4734889	8	105680270	A	G	1.0	1.01258	0.018000000000000002	0.4877	0.6945294012736237	46350
rs77744491	8	100354814	T	C	0.795	1.10971	0.0488	0.03306	2.1331704903342756	46350
rs17335870	8	100194163	A	G	0.998	1.00421	0.0171	0.8049	0.24568203184491424	46350
rs4735036	8	108040428	A	G	1.0	1.01796	0.0164	0.2755	1.0854039405796714	46350
rs76077614	8	103644002	A	C	0.748	1.09417	0.0634	0.1557	1.419496608526122	46350
rs117997731	8	102325902	T	C	0.868	1.02102	0.0371	0.5745	0.5607042487672044	46350
rs4734011	8	100849136	A	G	0.929	1.00944	0.0159	0.5541	0.5909258893309549	46350
rs118017490	8	108432880	A	G	0.856	1.02819	0.0427	0.5142	0.6510532753554793	46350
rs1283706	8	107388595	T	C	0.993	1.01461	0.014	0.2989	1.0360215859148574	46350
rs2511662	8	102628205	A	G	0.989	1.0202	0.0165	0.2251	1.2120416064660073	46350
rs17348091	8	108677734	A	C	0.7240000000000001	1.02296	0.0647	0.7255	0.350856035869797	46350
rs117283829	8	105604485	A	G	0.773	0.94035	0.0408	0.1313	-1.5074297204423972	46350
rs3808359	8	102551084	T	C	0.952	0.97883	0.038	0.5736	-0.5630867923179016	46350
rs17349841	8	100519290	A	C	0.999	0.99124	0.0145	0.5451	-0.6067996107827323	46350
rs62525303	8	105269048	A	G	0.982	1.00783	0.0153	0.6077	0.5097715446001175	46350
rs185735833	8	105139245	T	C	0.759	0.99372	0.0482	0.8959	-0.13070128938854728	46350
rs3108908	8	100793919	T	C	0.997	1.0004	0.0147	0.9795	0.027205443627679682	46350
rs116912992	8	101244670	T	C	0.773	1.06131	0.0747	0.426	0.7965728801570516	46350
rs506389	8	101258958	A	G	1.01	1.00491	0.0169	0.7744	0.2898216131474514	46350
rs2454025	8	103103884	T	C	0.994	1.00521	0.0151	0.7328	0.34413741104751605	46350
rs17349757	8	100515277	T	C	0.988	1.00341	0.0256	0.8926	0.13297652865477955	46350
rs7831680	8	100643431	A	G	0.961	1.01765	0.0227	0.4403	0.7707509963326425	46350
rs78483911	8	102981228	A	G	0.8109999999999999	1.01715	0.0427	0.6906	0.3982341643050062	46350
rs6468694	8	99853608	A	G	0.999	0.97687	0.0203	0.2488	-1.1527929153506877	46350
rs4548151	8	100582479	A	G	0.994	1.01308	0.0143	0.3626	0.9087549297070846	46350
rs7814017	8	101311646	A	G	1.0	1.02224	0.0188	0.2419	1.1700158442497939	46350
rs62513863	8	100578549	T	C	0.945	0.997	0.0254	0.9058	-0.11828775670467419	46350
rs7833175	8	103075891	T	C	0.747	1.00381	0.0161	0.8133	0.23619629397067451	46350
rs76992070	8	105682711	A	G	0.777	0.9518	0.0522	0.3443	-0.9463668638913215	46350
rs2051274	8	102152210	A	G	0.999	0.98699	0.0138	0.3406	-0.9489399501623876	46350
rs4357258	8	107331350	T	C	0.976	0.98423	0.0236	0.5011	-0.6735453137875002	46350
rs776263	8	101089391	A	G	0.996	0.9973	0.0165	0.8711	-0.16385767117059533	46350
rs2022958	8	107187896	T	G	0.997	0.98916	0.0138	0.4301	-0.7897957151449675	46350
rs10092729	8	101152439	T	C	0.993	0.9998	0.017	0.9894	-0.011765882509826157	46350
rs117788108	8	106428718	A	C	0.778	1.0013	0.0395	0.9734	0.03289001852202858	46350
rs111568704	8	107095048	A	G	0.86	0.98118	0.0405	0.6388	-0.4691197533279703	46350
rs10955293	8	102797767	T	C	0.929	0.9969	0.0167	0.8536	-0.18591706308256029	46350
rs412080	8	107634740	T	C	0.994	0.9858	0.0153	0.3501	-0.9347571706444213	46350
rs1110114	8	103086423	A	G	0.863	1.00491	0.022	0.8253	0.22263569373599676	46350
rs16876280	8	107429287	A	G	0.995	1.03283	0.0373	0.3865	0.8660216455395726	46350
rs11778600	8	108895014	T	C	0.841	1.0074299999999998	0.0155	0.6319	0.47758280753168325	46350
rs2853160	8	104409981	A	C	0.998	0.9973	0.0138	0.846	-0.19591678074745095	46350
rs77590169	8	107726750	T	C	0.802	0.99084	0.043	0.8308	-0.21400490150696494	46350
rs35298711	8	107628315	A	G	0.7979999999999999	1.01715	0.0376	0.6515	0.45224996850595117	46350
rs16869483	8	102514405	A	C	0.98	0.9991	0.0195	0.9634	-0.046174627854572055	46350
rs13274916	8	105952981	T	C	0.875	1.03987	0.0387	0.3123	1.0102249441894127	46350
rs148099940	8	104941002	T	G	0.8440000000000001	0.93361	0.0497	0.1672	-1.3822230752875522	46350
rs1283682	8	107432992	T	C	0.992	1.01959	0.0146	0.1842	1.3288072399982735	46350
rs6988622	8	108906815	T	C	0.946	1.00331	0.0148	0.8266	0.22327932488516697	46350
rs186150564	8	102478942	A	G	0.8029999999999999	0.8775700000000001	0.0646	0.04318	-2.0216494542409778	46350
rs58713013	8	106607994	A	G	1.0	0.96609	0.0366	0.3463	-0.9425759947430731	46350
rs16873927	8	105904679	A	G	0.998	0.9801	0.024	0.4032	-0.8375279877917879	46350
rs3019270	8	100990380	A	C	0.979	0.98334	0.014	0.231	-1.2000241913104353	46350
rs73271394	8	99841632	T	C	0.991	1.04571	0.0347	0.1976	1.2880714855577167	46350
rs73282364	8	101290288	T	C	0.904	1.05075	0.0379	0.1925	1.3061792850419285	46350
rs11777942	8	102236883	T	C	0.961	1.0006	0.0279	0.9829	0.021498927310664856	46350
rs474304	8	101269073	A	G	0.998	1.00391	0.0179	0.8267	0.21800982219223983	46350
rs16898332	8	100399825	A	G	0.8809999999999999	1.02942	0.0378	0.4419	0.7670776942130281	46350
rs2981240	8	106781929	A	G	1.01	1.00471	0.0169	0.7794	0.2780439441695383	46350
rs2935754	8	108651917	T	C	1.0	0.98699	0.0177	0.4595	-0.7398514865672853	46350
rs1450167	8	105609147	A	C	0.841	0.98649	0.0211	0.52	-0.6446488349898422	46350
rs6511	8	100240452	T	C	1.0	0.98886	0.0142	0.4301	-0.7889094723939045	46350
rs79924138	8	102674843	T	C	0.8490000000000001	0.94971	0.0366	0.1586	-1.4097979275335304	46350
rs2511703	8	102688868	T	C	0.997	1.0026	0.0141	0.8533	0.18415786150822086	46350
rs6468721	8	100507870	T	C	0.83	1.02265	0.0172	0.1938	1.3021684559324609	46350
rs10505029	8	102394898	T	C	0.956	1.02583	0.0225	0.2572	1.133424044993037	46350
rs77672869	8	100482418	A	G	0.735	0.94535	0.0806	0.4852	-0.6972710879429173	46350
rs9297349	8	104739754	A	C	0.991	1.00491	0.016	0.7591	0.3061240788869955	46350
rs78265653	8	102382878	A	G	0.853	0.9803	0.0323	0.5383	-0.6159947899212583	46350
rs2511692	8	102682044	A	G	0.985	0.99193	0.0167	0.6276	-0.4851939343225095	46350
rs116971935	8	99817228	A	G	0.8959999999999999	0.99442	0.0361	0.8763	-0.15500350019833437	46350
rs78052592	8	108278883	T	C	0.94	0.94601	0.0501	0.2674	-1.107827128974156	46350
rs713368	8	103184485	T	C	0.993	0.97307	0.0138	0.04885	-1.9782070244798908	46350
rs17425469	8	100398227	A	G	0.7190000000000001	1.15096	0.0689	0.04135	2.0405860195448553	46350
rs2923774	8	100974636	A	G	0.988	0.9857	0.0147	0.3299	-0.9798115857648805	46350
rs13264598	8	104456236	T	G	0.943	1.02388	0.0242	0.3293	0.9751790186084455	46350
rs10090707	8	102361076	A	G	0.995	0.98432	0.0161	0.3292	-0.9816292885072861	46350
rs117870177	8	102569829	T	G	0.8859999999999999	1.0678	0.0599	0.2729	1.0951662284465589	46350
rs514192	8	101466731	A	T	0.894	0.99025	0.0156	0.5278	-0.628066825648145	46350
rs2387331	8	101978119	A	G	0.986	1.01552	0.0226	0.4979	0.681451175930217	46350
rs62527185	8	105485283	T	C	0.968	1.00995	0.0529	0.8515	0.18716114701819342	46350
rs117511140	8	101531888	T	C	0.937	1.04216	0.0549	0.4524	0.752194579365602	46350
rs1075394	8	100392722	A	G	0.988	0.99631	0.014	0.7929	-0.2640589174492687	46350
rs12155577	8	105245627	A	G	1.0	0.99025	0.0139	0.4779	-0.7048807539648246	46350
rs16868968	8	102057034	T	C	0.951	0.97239	0.032	0.381	-0.8749475133394065	46350
rs111415344	8	107277470	T	G	0.812	0.89736	0.0738	0.1423	-1.4674547377394178	46350
rs117414883	8	108651727	A	G	0.7709999999999999	0.95782	0.0577	0.4552	-0.7468875234936849	46350
rs2000479	8	100436188	A	G	0.93	1.02819	0.0146	0.05647000000000001	1.9041078669643128	46350
rs7828198	8	101907886	T	C	0.99	1.02685	0.0211	0.209	1.2557281423680167	46350
rs72670446	8	107172911	A	G	0.87	0.94563	0.0589	0.342	-0.9491325457594875	46350
rs13272417	8	101938106	A	C	0.987	1.01147	0.02	0.5704	0.5702359131718086	46350
rs4734826	8	104874696	A	G	0.99	0.9990000000000001	0.0152	0.949	-0.06582239036733048	46350
rs9297291	8	99813293	T	G	0.99	1.00642	0.0143	0.6521	0.4475160545851627	46350
rs76737568	8	108603196	T	G	0.852	1.0014	0.0436	0.9746	0.032087635635491024	46350
rs3107547	8	105074308	A	G	0.977	1.00773	0.0279	0.7832	0.2759955779995679	46350
rs11786122	8	100411458	A	G	0.851	1.0453	0.0381	0.2454	1.1628326917722915	46350
rs17309585	8	107854594	T	C	0.997	1.00401	0.0144	0.7806	0.27791537356236207	46350
rs72668475	8	98997020	A	G	0.795	1.03076	0.0742	0.6829	0.4083071998834231	46350
rs71522785	8	106618113	T	C	1.0	1.03666	0.0372	0.3326	0.9678496407039696	46350
rs11777084	8	108072837	T	C	1.01	1.0308700000000002	0.0162	0.06006	1.8767349327805471	46350
rs16870106	8	103108821	T	G	0.993	1.03759	0.0238	0.1208	1.5504502667380564	46350
rs3019308	8	106288422	A	G	1.0	0.98995	0.0152	0.5041	-0.6645290907519409	46350
rs190857172	8	108718284	T	C	0.913	0.93988	0.0581	0.2856	-1.0671785101847253	46350
rs78518233	8	103977713	A	G	0.922	0.96474	0.0424	0.3976	-0.8466189622113636	46350
rs112981148	8	102705696	T	C	0.8370000000000001	0.9081	0.0607	0.1124	-1.588151141455591	46350
rs13250492	8	105525262	A	G	0.992	1.00521	0.0176	0.7697	0.29525425606917566	46350
rs3101274	8	105040115	A	G	1.0	0.99641	0.0143	0.7995	-0.2515006653430104	46350
rs72679028	8	101876443	A	G	0.851	1.01005	0.0452	0.8244	0.2212352782817125	46350
rs75002881	8	108275476	A	G	0.857	0.92886	0.0478	0.1225	-1.543875548152885	46350
rs72676224	8	99653072	A	G	0.7809999999999999	0.99293	0.0638	0.9114	-0.11120863441887228	46350
rs6997533	8	102031540	T	C	0.882	1.02409	0.0197	0.2267	1.20834585686098	46350
rs118058716	8	107953791	T	C	0.818	0.94497	0.0635	0.3734	-0.8913716224260833	46350
rs75736625	8	102427466	A	G	0.964	0.97951	0.0292	0.4781	-0.7090011081918409	46350
rs113728143	8	100677971	T	C	0.88	0.90737	0.0453	0.03197	-2.1458051609977113	46350
rs61753726	8	99853454	T	G	0.915	1.01684	0.0467	0.7211	0.3575969854906518	46350
rs2923783	8	100960281	T	G	0.98	1.01552	0.0147	0.2957	1.047673236464143	46350
rs1868009	8	104256541	T	G	0.998	1.0558	0.026	0.03663	2.0884143618222644	46350
rs1269711	8	102027689	T	C	1.0	1.02419	0.0223	0.2853	1.0718410888172012	46350
rs7841788	8	100846392	A	G	0.7240000000000001	1.02368	0.0214	0.2741	1.0936438214493485	46350
rs77649885	8	99023864	A	G	0.883	0.96069	0.0344	0.243	-1.16579949701552	46350
rs4269511	8	102444124	A	G	1.0	0.98847	0.0168	0.4904	-0.6902967765275704	46350
rs4409375	8	99877759	A	C	0.997	0.97521	0.0199	0.2081	-1.2614294754191682	46350
rs17435182	8	102373829	A	G	0.8270000000000001	0.95619	0.0697	0.5206	-0.642735163672693	46350
rs9297397	8	107625592	T	C	0.997	0.99581	0.0147	0.7777	-0.2856328331519079	46350
rs78236054	8	103183489	T	G	0.972	1.06375	0.0298	0.03773	2.073838956558618	46350
rs117782297	8	102411705	T	C	0.975	1.0247	0.0201	0.2249	1.213924717588812	46350
rs12675273	8	104631742	T	C	0.971	0.97629	0.0277	0.3867	-0.8662673486000251	46350
rs79673107	8	99748051	T	G	0.868	1.04425	0.0348	0.2137	1.2442219653778037	46350
rs2958710	8	105760225	T	G	0.999	1.00975	0.0142	0.4937	0.683294046576417	46350
rs2118254	8	107690435	T	C	0.993	1.0370700000000002	0.0141	0.009717	2.581519814184795	46350
rs1433168	8	107464723	T	C	1.01	1.02675	0.0138	0.056379999999999986	1.9129328880094898	46350
rs1460235	8	104877960	T	C	1.01	0.99223	0.0146	0.5935	-0.5342701186804037	46350
rs79827500	8	104656687	A	G	0.967	1.01288	0.0487	0.7921	0.2627876433236283	46350
rs570861701	8	102822700	A	C	0.961	0.9982	0.0225	0.9368	-0.08007208651680928	46350
rs1039153	8	100710138	T	C	0.983	1.00874	0.015	0.5608	0.580135152926727	46350
rs1106867	8	102507871	T	C	1.0	0.99104	0.0183	0.6223	-0.49182416378683314	46350
rs3019265	8	100986144	T	C	0.949	1.02051	0.0149	0.1737	1.3625840495188448	46350
rs11779445	8	100031009	T	C	0.993	0.98118	0.014	0.1751	-1.3570964292702	46350
rs1347779	8	104793116	T	C	0.991	1.01177	0.0154	0.4475	0.7598228771195511	46350
rs1901783	8	106527513	A	G	1.01	0.99362	0.0146	0.6637	-0.4383862452759044	46350
rs10087176	8	107776375	T	C	0.997	0.98472	0.0139	0.2695	-1.1077656244673868	46350
rs11777074	8	100232748	T	C	0.939	1.07369	0.0492	0.1487	1.4451486550011259	46350
rs871187	8	102757977	A	G	0.993	1.01633	0.0172	0.3471	0.9417499749286369	46350
rs118018291	8	108735657	T	C	0.773	0.96117	0.0515	0.4427	-0.7690094484109392	46350
rs35520566	8	100379918	T	C	0.8590000000000001	0.96764	0.0655	0.615	-0.502216209225487	46350
rs10102516	8	100517462	A	G	0.7859999999999999	1.00612	0.0562	0.9141	0.1085649262985096	46350
rs6469101	8	107240010	A	G	0.995	0.9802	0.0193	0.2984	-1.0361993008647652	46350
rs9649994	8	101601326	A	G	0.99	1.00702	0.0141	0.618	0.4961329441408821	46350
rs7006961	8	104680598	T	C	0.994	0.99561	0.0145	0.7595	-0.30342512721979975	46350
rs77565168	8	104991617	T	C	0.823	1.014	0.043	0.7472	0.3233233760230566	46350
rs113284507	8	103355693	A	C	0.979	1.01664	0.044	0.7076	0.37506982043214243	46350
rs2062826	8	106213575	T	C	1.0	1.0024	0.0147	0.8681	0.16306970066132323	46350
rs13253194	8	108845171	A	G	0.997	0.99243	0.0172	0.6601	-0.44179057414712264	46350
rs72679044	8	101910879	T	C	0.789	0.9198	0.069	0.2256	-1.2115800561784589	46350
rs34096273	8	101971768	A	C	0.939	0.99273	0.0214	0.7353	-0.34096052488962614	46350
rs77373014	8	108383583	T	C	0.843	1.11684	0.0472	0.01922	2.3411709534636107	46350
rs116942616	8	108554711	T	C	0.85	1.10087	0.0565	0.08895	1.7008986954239913	46350
rs2127035	8	101530213	T	C	1.0	1.0321	0.0138	0.02227	2.289533448532651	46350
rs7836820	8	106915885	A	G	1.0	0.9859	0.0181	0.4307	-0.7845496906707955	46350
rs75858367	8	103937598	A	G	0.861	1.06141	0.0511	0.2434	1.1663055359300216	46350
rs1788160	8	99684628	A	G	0.846	1.0002	0.0177	0.9909	0.011298305235381056	46350
rs35330171	8	105604390	A	C	0.951	0.99382	0.0199	0.7559	-0.31151634386035454	46350
rs77350482	8	100866682	A	G	0.879	1.06748	0.037000000000000005	0.07751	1.764884610327994	46350
rs16898766	8	100805333	A	C	1.0	1.00592	0.0148	0.6926	0.3988206522036372	46350
rs72667329	8	100849325	T	C	0.923	0.99054	0.0167	0.5704	-0.5691634739104762	46350
rs77922506	8	104366553	T	C	0.884	0.95266	0.0564	0.3898	-0.8598795582544204	46350
rs1402820	8	105020309	T	C	0.998	1.00391	0.0147	0.7937	0.2654677426694621	46350
rs4734058	8	102511948	T	C	0.96	1.001	0.0193	0.957	0.05178758202504783	46350
rs7015060	8	100349727	T	C	1.0	1.0	0.0138	0.9979	0.0	46350
rs7005320	8	106030105	A	G	1.01	1.01298	0.0238	0.5877	0.5418689804630333	46350
rs1993477	8	102255838	A	C	0.96	1.00672	0.0145	0.6427	0.4618980308773324	46350
rs3036573	8	107457866	A	C	0.898	1.02768	0.0149	0.06573	1.8324721159292106	46350
rs16867679	8	101411412	T	C	0.973	1.07519	0.0408	0.07576000000000001	1.7768968173592947	46350
rs112046722	8	104451498	A	C	0.91	1.0011	0.0446	0.9801	0.024650122047109063	46350
rs10105450	8	103361278	A	G	1.0	1.00652	0.0162	0.6859999999999999	0.4011627617178801	46350
rs79918330	8	107239669	T	C	0.731	1.02665	0.0747	0.725	0.3520893496569035	46350
rs16875160	8	106827094	A	C	1.0	1.0013	0.0147	0.9301	0.08837794092653938	46350
rs2935792	8	108763989	T	C	0.998	0.99342	0.0147	0.6525	-0.4490982064328215	46350
rs76140214	8	102260328	T	C	0.852	0.95037	0.0389	0.191	-1.3085834583169151	46350
rs13278098	8	104931556	A	G	1.0	0.9973	0.016	0.8638	-0.16897822339467644	46350
rs10955312	8	103170977	T	C	0.999	1.01603	0.014	0.2558	1.1359197342439618	46350
rs7829807	8	103131950	A	C	0.988	0.98049	0.0148	0.1839	-1.3312724510721912	46350
rs67518897	8	101116430	A	G	0.982	1.01704	0.0183	0.3561	0.9233031508049133	46350
rs844137	8	103353395	T	C	0.94	0.99183	0.0143	0.568	-0.5736753392089735	46350
rs1693576	8	100670290	A	G	0.959	0.96079	0.0146	0.00605	-2.73968604547025	46350
rs776271	8	101083357	A	G	0.7759999999999999	0.96841	0.0607	0.5964	-0.5288258263609237	46350
rs10955279	8	102078029	T	G	0.994	1.01481	0.0205	0.4746	0.7171416025801324	46350
rs7003445	8	105712958	T	C	0.996	1.01918	0.014	0.1739	1.3570273149510501	46350
rs11992116	8	108954039	T	C	0.985	1.01491	0.0343	0.6664	0.4314850907171789	46350
rs76944226	8	102126769	A	G	0.831	0.98511	0.0638	0.8135	-0.23514057865748203	46350
rs10092441	8	107846378	T	C	0.998	1.02624	0.0327	0.4297	0.7920990068089627	46350
rs78743334	8	102663182	T	C	0.853	1.00844	0.0411	0.8378	0.20449105459392644	46350
rs118099342	8	106541499	A	G	0.799	0.98432	0.0563	0.7792	-0.2807145922729539	46350
rs6468801	8	101828445	A	C	1.01	1.05043	0.0163	0.002524	3.018380622513325	46350
rs302963	8	105506138	A	G	0.792	0.9861	0.018000000000000002	0.4348	-0.7776394246585366	46350
rs72554091	8	102238962	T	G	0.918	0.99611	0.0239	0.8709	-0.16307890078298973	46350
rs2022923	8	100573905	T	C	0.985	1.0006	0.014	0.9632	0.04284429085482496	46350
rs3847147	8	104772495	A	G	0.991	1.01979	0.0149	0.1867	1.3152163588293615	46350
rs74806112	8	104601900	A	G	0.959	0.9799	0.0361	0.5728	-0.5624585412843289	46350
rs28440795	8	108806047	T	G	0.8909999999999999	1.03221	0.0659	0.6301	0.48106425994709434	46350
rs72673011	8	108651510	A	G	0.858	0.96744	0.04	0.4077	-0.8275467876279262	46350
rs2669429	8	104451462	A	G	0.932	1.00934	0.0143	0.5187	0.650115517838781	46350
rs74723960	8	100771837	A	C	0.7140000000000001	0.98511	0.0436	0.7307	-0.344081855925398	46350
rs117028822	8	108724932	A	G	0.878	0.9498	0.0338	0.1272	-1.5237823333466158	46350
rs2513940	8	102722973	T	G	0.981	1.01603	0.0152	0.2943	1.0462418604878596	46350
rs58838391	8	101021682	A	G	0.725	0.95648	0.0812	0.5839	-0.5479729050069461	46350
rs75210970	8	101300383	T	C	0.931	1.02419	0.0336	0.4763	0.7113707226376067	46350
rs1786342	8	100664135	T	C	0.999	1.0369700000000002	0.0141	0.01003	2.574680796049122	46350
rs1470517	8	101143185	A	G	1.0	0.98452	0.0184	0.3971	-0.8478840341658255	46350
rs12548708	8	107845188	A	G	0.997	1.0	0.0147	0.998	0.0	46350
rs34154819	8	107758372	T	C	0.8059999999999999	1.0321	0.0455	0.4873	0.6944079470274853	46350
rs827597	8	103363562	T	G	0.78	1.04331	0.0469	0.3665	0.9040160216762663	46350
rs16868134	8	101651946	T	C	0.98	1.04896	0.022	0.02998	2.1726907787851375	46350
rs4734509	8	101046122	A	G	0.994	1.00521	0.015	0.7276	0.34643166045449947	46350
rs10505008	8	101348834	T	C	0.925	0.96793	0.0295	0.269	-1.1049324871164001	46350
rs34313261	8	103742558	T	C	0.851	0.97775	0.0418	0.5906	-0.538307783409415	46350
rs4236779	8	106895167	T	C	0.998	1.02819	0.0138	0.04457	2.0144909317158675	46350
rs16871762	8	104724309	A	G	0.7290000000000001	1.00793	0.0632	0.9006	0.12497979103410363	46350
rs11781587	8	100480148	T	C	0.809	0.98689	0.0175	0.4496	-0.7540968339652214	46350
rs166995	8	101096809	A	G	0.858	1.00431	0.0148	0.7731	0.29059044268190654	46350
rs58368649	8	102170296	A	G	0.942	1.00844	0.0369	0.82	0.227766459181853	46350
rs58884404	8	100424339	T	G	0.929	1.03345	0.0146	0.02404	2.2536109366923145	46350
rs117974498	8	100527485	T	C	0.736	1.03355	0.0407	0.4173	0.8107979917225527	46350
rs34302199	8	108700695	A	G	0.897	0.97482	0.049	0.6022	-0.5204579676004705	46350
rs6983550	8	105469877	A	G	0.986	1.00672	0.0144	0.644	0.46510565609175836	46350
rs186653089	8	104446696	T	C	0.841	0.96909	0.0512	0.54	-0.6132381278792186	46350
rs118082918	8	105008179	A	G	0.984	1.04029	0.0457	0.3884	0.8643221102136622	46350
rs116903339	8	106560100	A	G	0.8420000000000001	1.0019	0.0386	0.9611	0.049176095416587184	46350
rs1573285	8	101739261	T	C	1.0	0.95342	0.0169	0.004874	-2.8224709394923266	46350
rs1789983	8	106503123	A	G	0.997	0.97932	0.0183	0.2534	-1.1419030444254248	46350
rs12674584	8	108797311	A	G	0.977	1.002	0.0432	0.963	0.04625006163595041	46350
rs72667474	8	104386052	T	C	0.92	0.93998	0.0637	0.3312	-0.971690432341948	46350
rs11996192	8	108863168	T	C	0.994	1.0012	0.0149	0.9348	0.0804886292269924	46350
rs2511759	8	102552685	A	C	0.995	1.03614	0.0141	0.0116	2.5178914781912516	46350
rs79294166	8	101236970	T	G	0.7290000000000001	0.94772	0.037000000000000005	0.1465	-1.451248081185429	46350
rs996200	8	103208891	A	G	0.919	1.05591	0.0259	0.03612	2.1005001690846328	46350
rs7004403	8	106988988	T	C	0.998	0.9803	0.0139	0.1525	-1.431412353558032	46350
rs117500593	8	99550235	T	C	0.81	1.06024	0.061	0.3378	0.9589393047587919	46350
rs6999452	8	105384888	A	G	1.01	0.99481	0.0138	0.7051	-0.3770662921447678	46350
rs73295741	8	107500005	A	G	0.959	0.96977	0.0324	0.3433	-0.947418179092519	46350
rs10955308	8	103115775	A	G	0.884	1.0021	0.0201	0.9186	0.10436806378836418	46350
rs1809286	8	104918262	A	C	0.999	0.98718	0.0139	0.3535	-0.9282651334908916	46350
rs78796200	8	99736163	T	C	0.995	0.94592	0.035	0.1115	-1.5884937172116997	46350
rs113307807	8	103002085	T	C	0.956	1.002	0.0228	0.9313	0.08763169573127447	46350
rs73699423	8	104398409	A	G	0.991	0.99074	0.0305	0.7612	-0.30502099429981866	46350
rs117934168	8	101011128	A	G	0.8590000000000001	0.9658	0.0389	0.3719	-0.894563124490888	46350
rs10955232	8	100639059	T	C	0.8	1.01562	0.0164	0.3438	0.9450770394465708	46350
rs76994507	8	107393388	T	C	0.758	0.95361	0.0447	0.2879	-1.0626509205560257	46350
rs543736	8	103000721	A	G	1.01	1.00511	0.0145	0.7225	0.35151643157542944	46350
rs508386	8	101887222	T	C	0.998	1.04008	0.0158	0.01302	2.4871919792263353	46350
rs1264477	8	101412722	T	C	0.992	1.00975	0.0139	0.483	0.6980414000996491	46350
rs2044531	8	104280557	T	C	0.746	1.10672	0.0819	0.2156	1.238103612577991	46350
rs16871017	8	104156733	T	C	0.907	0.98965	0.0412	0.8	-0.25252266299497345	46350
rs72675072	8	108817860	A	G	0.838	1.04102	0.0514	0.4347	0.7821206565009232	46350
rs79836330	8	107139546	A	G	0.87	0.92802	0.0369	0.04291	-2.024444300922321	46350
rs79643636	8	107460261	T	C	0.8759999999999999	0.96146	0.0324	0.225	-1.2130344593439026	46350
rs2135126	8	100880757	T	C	0.99	1.01643	0.014	0.2441	1.164034854778001	46350
rs6992883	8	104308334	T	C	0.994	0.93904	0.0404	0.1195	-1.5568614399037797	46350
rs75498836	8	99395405	A	C	0.917	0.95916	0.0425	0.3257	-0.9811147660284484	46350
rs78769757	8	107501801	T	C	0.953	1.03562	0.04	0.382	0.8750070296155362	46350
rs2126582	8	106655565	T	C	1.0	1.01562	0.0141	0.2724	1.0992385423350186	46350
rs16871199	8	104280337	A	G	0.998	0.98995	0.0174	0.5618	-0.5805081712315806	46350
rs117852084	8	102014259	T	C	0.97	1.01329	0.0404	0.7437	0.3267936306375253	46350
rs9297399	8	107747646	T	C	0.982	1.01552	0.0239	0.5191	0.6443847939758537	46350
rs73290551	8	101931762	A	G	0.805	1.00391	0.0329	0.9067	0.11861324672465329	46350
rs7840760	8	101829653	A	G	0.993	0.94186	0.0159	0.00016840000000000005	-3.7672097741101482	46350
rs6989991	8	107131048	T	C	0.853	1.00361	0.0386	0.9262	0.09335491164827904	46350
rs72671654	8	105333305	T	C	0.964	1.01949	0.0468	0.6801	0.412446629369603	46350
rs12543745	8	108954127	A	C	0.997	0.98551	0.0177	0.4077	-0.8246330682152071	46350
rs1433174	8	107506046	T	C	1.0	0.9997	0.0141	0.9829	-0.021279787872481734	46350
rs72685903	8	108252138	A	C	0.857	0.95037	0.0639	0.4255	-0.7966180990379969	46350
rs9656866	8	105641826	A	G	0.998	1.00652	0.017	0.7011	0.38228451410762687	46350
rs1545370	8	104162713	A	G	1.0	0.99481	0.0149	0.7241	-0.3492291833287111	46350
rs3134283	8	103451877	A	G	0.943	0.98748	0.0314	0.6869	-0.40124317122659753	46350
rs2514668	8	104350428	T	G	0.997	1.01654	0.0152	0.2793	1.07925684376822	46350
rs74897700	8	107980717	T	C	0.971	0.96252	0.0509	0.4524	-0.7504996820295387	46350
rs1496176	8	105866513	T	C	0.921	1.06599	0.0355	0.07162	1.8001111221581079	46350
rs78382479	8	108085670	A	C	0.772	0.99402	0.0726	0.9347	-0.08261641602804386	46350
rs35246071	8	102130430	A	G	0.948	0.98285	0.0155	0.2642	-1.1160493276341585	46350
rs281721	8	107611117	T	G	0.998	1.01857	0.0147	0.2118	1.2516791051267704	46350
rs76553055	8	107032162	A	C	0.941	0.95275	0.0244	0.04733	-1.9837188208265355	46350
rs7830150	8	102080865	A	G	1.0	1.02881	0.0198	0.1525	1.4344845715245853	46350
rs872586	8	103102076	T	C	0.998	0.98344	0.0176	0.3405	-0.9487869104006527	46350
rs75380998	8	108668200	T	G	0.846	0.92524	0.0559	0.1651	-1.390019958211752	46350
rs117936035	8	102417996	T	G	0.862	0.9997	0.0437	0.9942	-0.006866018512631405	46350
rs17512186	8	102299181	A	G	0.989	0.98334	0.0196	0.3904	-0.8571601366503109	46350
rs517811	8	101932635	A	G	0.956	0.99124	0.0145	0.5468	-0.6067996107827323	46350
rs4341142	8	107320257	T	C	0.997	0.95829	0.0196	0.02969	-2.1737159608386407	46350
rs74674795	8	103023908	T	G	0.945	0.99481	0.0147	0.7236	-0.35398060078896565	46350
rs11992975	8	106904218	A	G	1.0	0.99342	0.0252	0.7929	-0.26197395375247917	46350
rs72667244	8	102945382	T	C	0.89	0.94318	0.0328	0.07408	-1.7834797071435955	46350
rs13249845	8	102574572	T	C	0.855	0.99521	0.0237	0.8392	-0.20259530870016465	46350
rs1460586	8	105112143	T	G	0.999	1.00773	0.0152	0.6109	0.5065971464597333	46350
rs76470417	8	107112097	T	G	0.8370000000000001	1.02552	0.0511	0.6222	0.49314679103213577	46350
rs10087808	8	106395952	A	G	0.995	0.99382	0.0147	0.6705	-0.42171260155245277	46350
rs12156003	8	105220965	A	C	0.989	0.99432	0.0141	0.6878	-0.40398528687099355	46350
rs76522194	8	104365739	T	C	0.93	1.0285	0.0514	0.5846	0.546720430172661	46350
rs72672504	8	107278697	A	G	0.968	0.97219	0.0186	0.1302	-1.5163451813481617	46350
rs12543660	8	108953769	T	C	0.999	0.98373	0.0156	0.2935	-1.0515262708767146	46350
rs2030786	8	101587751	A	C	0.966	1.00331	0.0142	0.8193	0.23271366255637121	46350
rs72683155	8	104024129	A	G	0.993	1.02214	0.0177	0.2146	1.237201621531977	46350
rs2036032	8	107657448	A	G	0.998	0.97883	0.0139	0.1237	-1.5393739646100906	46350
rs117462571	8	102149798	A	G	0.885	1.0013	0.0561	0.9812	0.02315785617861192	46350
rs116767245	8	102543751	A	G	0.8809999999999999	1.01684	0.0654	0.799	0.25534830615311066	46350
rs10100704	8	108443005	T	C	1.0	0.97132	0.0139	0.03662	-2.093475383113297	46350
rs75591105	8	104848903	T	C	0.8440000000000001	0.99681	0.0396	0.9349	-0.08068431556921352	46350
rs118153451	8	100723158	T	C	0.893	0.95237	0.0485	0.3142	-1.0062198811455145	46350
rs9693641	8	99554722	T	C	0.987	0.98748	0.0319	0.6915	-0.3949540933076853	46350
rs72684507	8	106780568	T	C	0.956	0.98728	0.0382	0.7371	-0.335120205162537	46350
rs4269515	8	106896781	A	G	1.0	0.99551	0.0253	0.8592	-0.17786997331713097	46350
rs1283703	8	107391254	T	C	0.989	0.96822	0.0194	0.09507	-1.6647394227227417	46350
rs35645609	8	108854339	T	C	0.903	0.9983	0.048	0.9721	-0.035446804994949385	46350
rs62527410	8	106067132	A	G	0.958	0.9984	0.0458	0.9727	-0.03496247526143841	46350
rs117220276	8	104304667	T	C	0.895	0.89485	0.0609	0.06805	-1.824288547105413	46350
rs62513876	8	100616414	A	G	0.926	1.01847	0.0179	0.308	1.0224302329560087	46350
rs117784974	8	101980556	T	C	0.97	1.02245	0.0424	0.6006	0.5236251882944951	46350
rs1497456	8	103168772	A	G	1.01	0.97297	0.0157	0.08179	-1.7453522132699502	46350
rs17508196	8	102117452	T	C	0.752	1.0431	0.0528	0.4241	0.799186528405081	46350
rs74370304	8	100165607	T	C	0.8909999999999999	0.9221	0.0497	0.1023	-1.6318229665400696	46350
rs11996743	8	105864106	A	G	0.957	1.0002	0.0142	0.9872	0.014083098779313007	46350
rs56161499	8	107740636	A	G	0.942	0.97912	0.0245	0.3898	-0.8612681595124099	46350
rs997342	8	107821318	A	G	0.733	1.09253	0.0673	0.1887	1.3149495923450807	46350
rs285823	8	105089952	T	C	0.975	1.01542	0.0156	0.3249	0.980917949259139	46350
rs7827655	8	102968179	A	G	0.994	0.98403	0.0199	0.4179	-0.8089896778768491	46350
rs111741057	8	104722036	A	C	0.983	1.02224	0.0582	0.7062	0.3779432624037135	46350
rs16876914	8	107897271	T	C	0.996	0.98079	0.0228	0.3938	-0.8507416495934905	46350
rs2164927	8	104761070	A	C	0.902	1.04456	0.0452	0.3339	0.9645076132222572	46350
rs2622637	8	105493743	T	G	0.762	0.99561	0.0159	0.7813	-0.2767084493513897	46350
rs977396	8	104980468	A	G	0.988	0.98787	0.022	0.579	-0.554734947223034	46350
rs75439722	8	107417377	A	G	0.72	0.97268	0.0677	0.6821	-0.40915997994503117	46350
rs58184535	8	101115791	A	G	0.975	1.01613	0.0182	0.3805	0.87919196301868	46350
rs2511714	8	102566646	T	G	0.928	0.99312	0.0145	0.6333	-0.4761225046065143	46350
rs113325897	8	103086669	T	C	0.772	0.92459	0.0462	0.08949	-1.697075389053642	46350
rs72671800	8	101475350	T	C	0.7929999999999999	0.97025	0.0325	0.3529	-0.9292771917883513	46350
rs4734636	8	102530310	A	G	0.991	0.97531	0.0143	0.08004	-1.7482454406519836	46350
rs74707320	8	103846742	A	G	0.908	1.01207	0.0503	0.8109	0.23852362691086934	46350
rs12679638	8	101502423	T	C	0.968	0.9309	0.0358	0.04559	-2.0000954988741033	46350
rs187638478	8	108131867	T	C	0.983	1.05253	0.0449	0.2534	1.1402403058157224	46350
rs721872	8	107163095	A	G	0.94	0.99452	0.0156	0.7261	-0.35224809499870985	46350
rs35785885	8	104783847	T	C	0.94	0.98069	0.0287	0.4965	-0.679403255542005	46350
rs113307784	8	106075316	A	G	0.911	1.0016	0.0536	0.9768	0.02982689111375137	46350
rs78067210	8	100410873	T	C	0.848	0.95925	0.0384	0.2792	-1.083425777475918	46350
rs11778403	8	108034193	A	G	0.97	0.98896	0.0217	0.6104	-0.5115849341554799	46350
rs4734801	8	104597574	A	G	0.958	0.97716	0.0359	0.52	-0.6435897970779043	46350
rs1078186	8	100613251	T	C	0.7879999999999999	1.00491	0.0155	0.7515	0.31599904917367283	46350
rs3080474	8	106736174	A	C	1.0	1.01329	0.0173	0.4463	0.7631481316621977	46350
rs4735020	8	107905363	A	C	0.983	0.9801	0.0161	0.2112	-1.248488925900802	46350
rs17353428	8	100662782	A	G	0.959	1.02306	0.0172	0.1842	1.3254730393010623	46350
rs6992337	8	107309219	A	G	0.988	1.0027	0.0179	0.8825	0.1506347233375717	46350
rs17201443	8	103087379	A	G	0.99	0.98817	0.017	0.4846	-0.7000312504933682	46350
rs73279201	8	101576593	T	C	0.8029999999999999	1.03004	0.0483	0.5393	0.6127875039118752	46350
rs5005143	8	106939602	A	C	0.946	0.9991	0.0149	0.9542	-0.06042988209155403	46350
rs112608632	8	107856564	A	G	0.7490000000000001	0.98265	0.0507	0.7301	-0.34521252734007846	46350
rs117009523	8	99811299	A	C	0.918	1.0321	0.0469	0.5014	0.6736793515938291	46350
rs3133284	8	104140985	A	G	1.0	1.0011	0.0141	0.9382	0.07797130803553647	46350
rs4075553	8	100418452	A	G	0.96	1.02306	0.0141	0.1068	1.6168890975871115	46350
rs10447978	8	100362178	T	G	0.87	1.01096	0.0485	0.8218	0.22474998903687282	46350
rs2033562	8	102535511	C	G	0.99	1.02409	0.0143	0.09631	1.6646442923189722	46350
rs118124347	8	100490078	A	G	0.88	0.938	0.0393	0.1036	-1.628634350532123	46350
rs4617129	8	108875310	T	C	1.0	1.01015	0.0147	0.4949	0.6869955562867055	46350
rs10112432	8	100674445	T	G	0.84	1.00672	0.0183	0.7126	0.3659847785640065	46350
rs112601137	8	108439421	T	C	0.888	1.02276	0.0376	0.5499	0.5985333867039737	46350
rs7818981	8	107535577	T	C	0.989	1.00894	0.0144	0.5379	0.6180746379666251	46350
rs1693543	8	100697310	T	C	1.01	0.97482	0.0138	0.06501	-1.8480029284364534	46350
rs7001159	8	107755829	T	C	0.97	0.97883	0.0362	0.5551	-0.5910855830961397	46350
rs3737502	8	108443634	T	C	1.01	1.02542	0.015	0.09566	1.6734856507218918	46350
rs13281492	8	106103213	T	G	0.763	1.05739	0.0527	0.2905	1.058891985112414	46350
rs79513350	8	104044263	A	G	0.8740000000000001	0.98797	0.035	0.7303	-0.3457984590784499	46350
rs79238335	8	104108593	A	C	0.946	0.98354	0.0279	0.5529	-0.5948735092247108	46350
rs6468861	8	103159658	T	C	1.01	0.97326	0.0139	0.05073	-1.949929330363947	46350
rs1264461	8	101434775	T	G	0.993	0.98108	0.0168	0.2564	-1.1369805537143558	46350
rs78914116	8	105935186	T	C	0.988	0.98216	0.0252	0.4747	-0.7143274249822437	46350
rs7010198	8	102720093	A	G	0.815	0.99681	0.0187	0.865	-0.1708609035583345	46350
rs72676269	8	99859513	A	C	0.7879999999999999	1.05075	0.0677	0.4648	0.7312288759688197	46350
rs80010509	8	108711710	T	G	0.8370000000000001	1.0378	0.038	0.3291	0.9763970513553226	46350
rs10109171	8	106411834	A	G	0.968	1.01066	0.0158	0.5043	0.6711128344424747	46350
rs76232487	8	102114718	A	G	0.953	1.07918	0.0443	0.08538	1.720124006627013	46350
rs2154637	8	100474273	A	G	0.996	0.9989	0.0139	0.9367	-0.07918024777215855	46350
rs11990136	8	104606213	A	G	0.958	1.02337	0.0359	0.5187	0.6434847606681673	46350
rs6988306	8	101583982	T	C	0.93	1.05359	0.0215	0.015119999999999996	2.4280641922724877	46350
rs2022977	8	106389424	T	C	0.972	1.01298	0.014	0.3579	0.9211772667871568	46350
rs6994382	8	100353510	T	C	0.988	1.01157	0.0193	0.5512	0.5960403825603858	46350
rs2469665	8	100603234	T	C	0.8540000000000001	1.02521	0.0159	0.1182	1.5658785946233116	46350
rs4595097	8	107287273	T	G	0.996	1.01979	0.0163	0.2302	1.202252990586349	46350
rs117044043	8	105546199	A	G	0.884	0.98817	0.051	0.8151	-0.2333437501644561	46350
rs75767845	8	105008163	A	G	0.7809999999999999	0.98936	0.0598	0.8576	-0.17887975833336808	46350
rs10808412	8	107180132	A	G	1.0	0.98708	0.0142	0.3582	-0.9157879672714109	46350
rs116991598	8	102094742	A	G	0.732	1.01106	0.0621	0.8588	0.17712214908806861	46350
rs56353481	8	104856652	A	C	0.87	1.0074299999999998	0.0744	0.9202	0.09949641823576735	46350
rs6986521	8	102587126	A	G	0.983	0.98305	0.0147	0.245	-1.1629452672542335	46350
rs28493694	8	101435608	A	G	0.909	0.97171	0.0161	0.07455	-1.7824765805928775	46350
rs16870364	8	103352888	T	C	1.0	1.0056200000000002	0.015	0.7094	0.37361778132213197	46350
rs983675	8	103112476	T	G	0.898	1.00904	0.0343	0.7933	0.2623727054460821	46350
rs35369482	8	108002626	T	C	0.989	0.98069	0.0305	0.5223	-0.6393073257067391	46350
rs17189142	8	102770142	A	C	0.736	1.01258	0.0421	0.7672	0.2969484375991741	46350
rs117326891	8	107900534	A	G	0.8220000000000001	0.94441	0.0632	0.3653	-0.9049823590704431	46350
rs2928826	8	108601865	T	C	1.01	0.97912	0.0167	0.2043	-1.263537120242757	46350
rs75928166	8	104413065	T	G	0.979	1.03045	0.0276	0.2768	1.0867971027311778	46350
rs10112571	8	106176867	A	C	0.989	0.99352	0.0333	0.8451	-0.19522781808888803	46350
rs118124984	8	105172551	A	G	0.8140000000000001	0.9245	0.0722	0.2768	-1.0872884786005197	46350
rs3019092	8	100399115	A	G	0.971	0.98807	0.014	0.3911	-0.8572666815426523	46350
rs77210435	8	105915476	A	G	0.975	1.01278	0.0283	0.653	0.448728797788284	46350
rs78907601	8	100792099	T	G	0.7440000000000001	1.02	0.0465	0.6706	0.4258629526060157	46350
rs4734646	8	102579133	A	G	0.8540000000000001	0.96397	0.0232	0.1142	-1.5816855684391908	46350
rs72668936	8	108444175	T	C	0.851	0.94705	0.0372	0.1434	-1.4624566903060896	46350
rs747822	8	102185975	T	G	1.0	0.99243	0.0148	0.6048	-0.5134322888736831	46350
rs7828032	8	101290084	T	G	0.8540000000000001	1.01167	0.0152	0.4445	0.7633178112394601	46350
rs2441709	8	101130015	T	C	1.0	1.00702	0.0138	0.6112	0.5069184429265534	46350
rs73274942	8	99982919	T	C	0.7809999999999999	0.97629	0.0403	0.5514	-0.5954244554893472	46350
rs72682834	8	106658540	A	G	0.994	1.03967	0.0176	0.02689	2.2104179038770493	46350
rs1954728	8	107111835	T	C	1.01	1.01136	0.0146	0.4362	0.7736958727295602	46350
rs76861036	8	102552207	A	G	0.958	0.9856	0.0237	0.5414	-0.6120120760709573	46350
rs16868996	8	102067184	T	C	0.943	0.97326	0.0301	0.3682	-0.9004657040551117	46350
rs77524076	8	100370177	T	C	0.93	1.0480200000000002	0.0324	0.1474	1.447613261920358	46350
rs41324545	8	105328064	T	C	0.977	0.99661	0.0165	0.8373	-0.2058035799502964	46350
rs2507777	8	100583650	T	C	0.978	0.97961	0.0143	0.1486	-1.4406115879694834	46350
rs16892442	8	107802301	A	G	0.858	1.01664	0.0159	0.2989	1.0379290628310858	46350
rs2436938	8	102666014	T	C	0.987	1.0019	0.0139	0.8928	0.1365609556172853	46350
rs13259188	8	103076809	T	G	0.887	0.99203	0.0219	0.7165	-0.36538494150952205	46350
rs10505111	8	107704042	A	G	0.995	0.98236	0.0233	0.4446	-0.7638385850034608	46350
rs75009654	8	105670687	T	C	0.942	0.96541	0.0381	0.35600000000000004	-0.9239474385493297	46350
rs2168689	8	102289327	T	C	0.998	0.98985	0.0152	0.5003	-0.6711751634603107	46350
rs67840821	8	100803908	T	C	0.927	1.0124799999999998	0.0151	0.4092	0.8213752792743342	46350
rs3098229	8	103377478	T	C	0.993	0.94838	0.0258	0.03975	-2.05426407603509	46350
rs3134296	8	103415313	T	C	1.0	1.03593	0.0199	0.07652	1.7738479390418513	46350
rs9297310	8	101736002	T	C	0.74	1.00632	0.0173	0.7144	0.36416835540346565	46350
rs112803251	8	99212992	T	C	0.956	1.0025	0.0348	0.9438	0.0717494309938835	46350
rs117917071	8	105383300	A	C	0.7809999999999999	0.95332	0.0736	0.5163	-0.6495197003823335	46350
rs79365994	8	105630925	T	C	0.914	0.99541	0.0295	0.8759999999999999	-0.15595140323960086	46350
rs2436973	8	102569391	T	C	0.915	0.99213	0.0152	0.6034	-0.5198113089642954	46350
rs2607662	8	102256555	T	C	0.999	0.98079	0.0139	0.1639	-1.3954611230742147	46350
rs117983544	8	102364206	A	G	0.899	1.0006	0.0482	0.9903	0.012444399833351648	46350
rs3793358	8	104386958	T	C	0.999	0.96948	0.0216	0.1518	-1.434973782524051	46350
rs28664101	8	108956707	A	G	0.989	0.98975	0.0388	0.7904	-0.26553847927569674	46350
rs10110928	8	101700484	T	C	0.9	0.99521	0.0415	0.9081	-0.11569900761913016	46350
rs12676700	8	99914759	A	G	0.909	0.93725	0.0342	0.05841	-1.8948895721086438	46350
rs10955258	8	101581093	T	C	0.921	1.01197	0.0166	0.4736	0.7168027805481394	46350
rs6993722	8	107562811	A	G	1.0	0.97414	0.0137	0.05693	-1.912426897990819	46350
rs1892754	8	101648548	A	G	1.01	0.95734	0.0161	0.006697	-2.7078679327998882	46350
rs2957468	8	105313132	A	G	0.977	0.9971	0.0147	0.8443	-0.19756552023060048	46350
rs3102434	8	106686679	A	G	1.0	0.98226	0.0173	0.3024	-1.034638143805304	46350
rs7840923	8	105588046	A	C	0.813	1.0157200000000002	0.0161	0.333	0.9688025231711045	46350
rs72667225	8	102915565	T	C	0.973	0.94592	0.0337	0.0991	-1.6497709229201631	46350
rs4236772	8	104173393	A	G	1.0	1.00934	0.0142	0.5108	0.6546937961334203	46350
rs10505035	8	102762947	A	G	0.995	1.0013	0.0166	0.9364	0.0782623934710921	46350
rs62524816	8	102505764	T	C	0.991	1.00713	0.0156	0.6474	0.4554295980725464	46350
rs117108431	8	99598411	T	C	0.84	1.04039	0.0362	0.2735	1.0938022889048178	46350
rs11986940	8	107771439	T	C	1.0	0.97132	0.0252	0.2471	-1.1547344375109059	46350
rs34840170	8	107644401	A	G	0.997	0.97697	0.0147	0.1133	-1.5849886839730287	46350
rs117209387	8	107071272	T	C	0.908	1.0007	0.0439	0.9877	0.015939752033559566	46350
rs529802	8	102927860	A	G	0.993	0.99035	0.017	0.5673	-0.570403704639059	46350
rs72667248	8	102950032	A	G	0.888	0.94035	0.027000000000000003	0.02307	-2.2778937997796223	46350
rs28405532	8	101362107	A	G	0.933	1.01939	0.0224	0.3905	0.8573396957014862	46350
rs76659412	8	105972941	A	G	0.902	1.0321	0.0595	0.5956	0.5310178418445476	46350
rs4735633	8	99696367	T	C	1.01	1.01329	0.024	0.5823	0.5501026115731675	46350
rs72678340	8	107802507	T	G	0.797	0.99352	0.0155	0.6749	-0.41942492531354664	46350
rs3019261	8	100965935	T	C	0.974	1.00531	0.0144	0.7119	0.36777442077656286	46350
rs7845449	8	105703539	T	C	0.998	0.98413	0.0197	0.4167	-0.8120445093912575	46350
rs201601964	8	99464075	T	C	0.991	1.05475	0.0347	0.1245	1.5361317585680425	46350
rs7829540	8	103078673	A	G	0.857	1.04854	0.0188	0.01172	2.5212085303125225	46350
rs117685537	8	106214753	A	C	0.948	0.94233	0.0495	0.2297	-1.1999948945782857	46350
rs16870228	8	103179754	A	G	0.974	1.01603	0.0205	0.4397	0.7757500624105105	46350
rs2304344	8	102843463	T	C	1.01	1.02368	0.0182	0.1976	1.2859328450008822	46350
rs6983273	8	105176299	A	G	0.999	0.98098	0.0145	0.1851	-1.3243591023748933	46350
rs117425607	8	103709819	A	G	0.894	1.00461	0.0524	0.9302	0.0877749331086939	46350
rs4276657	8	102572423	A	G	0.996	0.98314	0.0139	0.2222	-1.2232912097975432	46350
rs3735709	8	101543246	A	G	0.965	0.95868	0.0444	0.3425	-0.9504040698240137	46350
rs77423083	8	104110007	A	G	0.826	1.08091	0.0822	0.3435	0.9465119093291907	46350
rs77783772	8	101686827	T	C	0.977	0.93557	0.0509	0.1904	-1.3084343766452267	46350
rs13281524	8	105285335	A	G	0.992	1.00371	0.0138	0.7866	0.2683431104624127	46350
rs3105433	8	100794304	T	C	0.926	1.00773	0.019	0.6863	0.40527771716778666	46350
rs2507778	8	100583678	T	C	0.977	1.02122	0.0151	0.1646	1.3905954301725487	46350
rs117634970	8	104167302	T	G	0.988	1.0321	0.0335	0.3458	0.9431510922313606	46350
rs4734628	8	102501052	T	G	0.975	1.00411	0.0142	0.7714	0.28884345218838364	46350
rs1061196	8	103398700	T	C	1.0	0.98817	0.0161	0.4627	-0.7391634321979664	46350
rs75941120	8	104443905	T	C	0.924	1.04289	0.0373	0.2604	1.1258902265956285	46350
rs66511578	8	108424348	T	G	0.763	0.98118	0.0243	0.4339	-0.7818662555466173	46350
rs13268773	8	102147224	A	G	0.999	0.97472	0.0146	0.08027999999999999	-1.7537690900955287	46350
rs16874487	8	106385431	T	C	0.883	1.00874	0.0393	0.8242	0.22142563088806372	46350
rs35755686	8	99201697	T	C	0.995	1.05591	0.0345	0.1146	1.576897228385275	46350
rs2441905	8	104198862	A	C	0.996	1.00331	0.0147	0.8233	0.22479823185717493	46350
rs78892918	8	103722714	A	G	0.988	1.0002	0.0398	0.9965	0.005024623182568962	46350
rs1355691	8	104459685	A	G	0.995	0.99253	0.016	0.6412	-0.4686275110848225	46350
rs736178	8	100462554	T	C	0.997	1.00642	0.0146	0.6625	0.43832051921697446	46350
rs375638	8	107571574	A	C	0.934	1.0247	0.037000000000000005	0.5085	0.6594564006360842	46350
rs35456088	8	107000307	T	G	0.945	1.04687	0.0319	0.1512	1.435885890297351	46350
rs74308017	8	105663438	T	C	0.7879999999999999	1.00531	0.0167	0.7513	0.3171228538432638	46350
rs10093584	8	104850944	T	C	0.993	1.00672	0.0138	0.6282	0.48532764113922605	46350
rs2436947	8	102676467	A	G	0.905	1.0057200000000002	0.0537	0.915	0.10621420701449248	46350
rs1992330	8	101948109	A	G	0.971	0.98847	0.0232	0.6179	-0.49987007955444746	46350
rs62514987	8	106772647	A	C	0.985	1.15062	0.0497	0.00477	2.822956288356985	46350
rs75109175	8	100482684	A	G	0.721	0.95628	0.0468	0.3403	-0.9552248244546999	46350
rs75426839	8	99688834	A	G	0.8590000000000001	0.96089	0.0636	0.5309	-0.6272852305543318	46350
